"problem","model","data_file"
"rcpsp-wet-mkspan","../data/mo/minizinc_to_flatzinc/rcpsp-wet-mkspan/rcpsp-wet-mkspan.mzn","../data/mo/minizinc_to_flatzinc/rcpsp-wet-mkspan/minizinc_psplib_due_dates/j90/J90_27_6.dzn"
"rcpsp-wet-mkspan","../data/mo/minizinc_to_flatzinc/rcpsp-wet-mkspan/rcpsp-wet-mkspan.mzn","../data/mo/minizinc_to_flatzinc/rcpsp-wet-mkspan/minizinc_psplib_due_dates/j90/J90_8_2.dzn"
"rcpsp-wet-mkspan","../data/mo/minizinc_to_flatzinc/rcpsp-wet-mkspan/rcpsp-wet-mkspan.mzn","../data/mo/minizinc_to_flatzinc/rcpsp-wet-mkspan/minizinc_psplib_due_dates/j90/J90_44_5.dzn"
"rcpsp-wet-mkspan","../data/mo/minizinc_to_flatzinc/rcpsp-wet-mkspan/rcpsp-wet-mkspan.mzn","../data/mo/minizinc_to_flatzinc/rcpsp-wet-mkspan/minizinc_psplib_due_dates/j90/J90_29_9.dzn"
"rcpsp-wet-mkspan","../data/mo/minizinc_to_flatzinc/rcpsp-wet-mkspan/rcpsp-wet-mkspan.mzn","../data/mo/minizinc_to_flatzinc/rcpsp-wet-mkspan/minizinc_psplib_due_dates/j90/J90_25_4.dzn"
"rcpsp-wet-mkspan","../data/mo/minizinc_to_flatzinc/rcpsp-wet-mkspan/rcpsp-wet-mkspan.mzn","../data/mo/minizinc_to_flatzinc/rcpsp-wet-mkspan/minizinc_psplib_due_dates/j90/J90_46_7.dzn"
"rcpsp-wet-mkspan","../data/mo/minizinc_to_flatzinc/rcpsp-wet-mkspan/rcpsp-wet-mkspan.mzn","../data/mo/minizinc_to_flatzinc/rcpsp-wet-mkspan/minizinc_psplib_due_dates/j90/J90_34_10.dzn"
"rcpsp-wet-mkspan","../data/mo/minizinc_to_flatzinc/rcpsp-wet-mkspan/rcpsp-wet-mkspan.mzn","../data/mo/minizinc_to_flatzinc/rcpsp-wet-mkspan/minizinc_psplib_due_dates/j90/J90_38_1.dzn"
"rcpsp-wet-mkspan","../data/mo/minizinc_to_flatzinc/rcpsp-wet-mkspan/rcpsp-wet-mkspan.mzn","../data/mo/minizinc_to_flatzinc/rcpsp-wet-mkspan/minizinc_psplib_due_dates/j90/J90_48_8.dzn"
"rcpsp-wet-mkspan","../data/mo/minizinc_to_flatzinc/rcpsp-wet-mkspan/rcpsp-wet-mkspan.mzn","../data/mo/minizinc_to_flatzinc/rcpsp-wet-mkspan/minizinc_psplib_due_dates/j90/J90_40_1.dzn"
"rcpsp-wet-mkspan","../data/mo/minizinc_to_flatzinc/rcpsp-wet-mkspan/rcpsp-wet-mkspan.mzn","../data/mo/minizinc_to_flatzinc/rcpsp-wet-mkspan/minizinc_psplib_due_dates/j90/J90_30_8.dzn"
"rcpsp-wet-mkspan","../data/mo/minizinc_to_flatzinc/rcpsp-wet-mkspan/rcpsp-wet-mkspan.mzn","../data/mo/minizinc_to_flatzinc/rcpsp-wet-mkspan/minizinc_psplib_due_dates/j90/J90_23_2.dzn"
"rcpsp-wet-mkspan","../data/mo/minizinc_to_flatzinc/rcpsp-wet-mkspan/rcpsp-wet-mkspan.mzn","../data/mo/minizinc_to_flatzinc/rcpsp-wet-mkspan/minizinc_psplib_due_dates/j90/J90_38_10.dzn"
"rcpsp-wet-mkspan","../data/mo/minizinc_to_flatzinc/rcpsp-wet-mkspan/rcpsp-wet-mkspan.mzn","../data/mo/minizinc_to_flatzinc/rcpsp-wet-mkspan/minizinc_psplib_due_dates/j90/J90_18_4.dzn"
"rcpsp-wet-mkspan","../data/mo/minizinc_to_flatzinc/rcpsp-wet-mkspan/rcpsp-wet-mkspan.mzn","../data/mo/minizinc_to_flatzinc/rcpsp-wet-mkspan/minizinc_psplib_due_dates/j90/J90_2_9.dzn"
"rcpsp-wet-mkspan","../data/mo/minizinc_to_flatzinc/rcpsp-wet-mkspan/rcpsp-wet-mkspan.mzn","../data/mo/minizinc_to_flatzinc/rcpsp-wet-mkspan/minizinc_psplib_due_dates/j90/J90_45_10.dzn"
"rcpsp-wet-mkspan","../data/mo/minizinc_to_flatzinc/rcpsp-wet-mkspan/rcpsp-wet-mkspan.mzn","../data/mo/minizinc_to_flatzinc/rcpsp-wet-mkspan/minizinc_psplib_due_dates/j90/J90_26_10.dzn"
"rcpsp-wet-mkspan","../data/mo/minizinc_to_flatzinc/rcpsp-wet-mkspan/rcpsp-wet-mkspan.mzn","../data/mo/minizinc_to_flatzinc/rcpsp-wet-mkspan/minizinc_psplib_due_dates/j90/J90_42_3.dzn"
"rcpsp-wet-mkspan","../data/mo/minizinc_to_flatzinc/rcpsp-wet-mkspan/rcpsp-wet-mkspan.mzn","../data/mo/minizinc_to_flatzinc/rcpsp-wet-mkspan/minizinc_psplib_due_dates/j90/J90_14_9.dzn"
"rcpsp-wet-mkspan","../data/mo/minizinc_to_flatzinc/rcpsp-wet-mkspan/rcpsp-wet-mkspan.mzn","../data/mo/minizinc_to_flatzinc/rcpsp-wet-mkspan/minizinc_psplib_due_dates/j90/J90_21_1.dzn"
"rcpsp-wet-mkspan","../data/mo/minizinc_to_flatzinc/rcpsp-wet-mkspan/rcpsp-wet-mkspan.mzn","../data/mo/minizinc_to_flatzinc/rcpsp-wet-mkspan/minizinc_psplib_due_dates/j90/J90_14_8.dzn"
"rcpsp-wet-mkspan","../data/mo/minizinc_to_flatzinc/rcpsp-wet-mkspan/rcpsp-wet-mkspan.mzn","../data/mo/minizinc_to_flatzinc/rcpsp-wet-mkspan/minizinc_psplib_due_dates/j90/J90_42_2.dzn"
"rcpsp-wet-mkspan","../data/mo/minizinc_to_flatzinc/rcpsp-wet-mkspan/rcpsp-wet-mkspan.mzn","../data/mo/minizinc_to_flatzinc/rcpsp-wet-mkspan/minizinc_psplib_due_dates/j90/J90_2_8.dzn"
"rcpsp-wet-mkspan","../data/mo/minizinc_to_flatzinc/rcpsp-wet-mkspan/rcpsp-wet-mkspan.mzn","../data/mo/minizinc_to_flatzinc/rcpsp-wet-mkspan/minizinc_psplib_due_dates/j90/J90_10_10.dzn"
"rcpsp-wet-mkspan","../data/mo/minizinc_to_flatzinc/rcpsp-wet-mkspan/rcpsp-wet-mkspan.mzn","../data/mo/minizinc_to_flatzinc/rcpsp-wet-mkspan/minizinc_psplib_due_dates/j90/J90_18_5.dzn"
"rcpsp-wet-mkspan","../data/mo/minizinc_to_flatzinc/rcpsp-wet-mkspan/rcpsp-wet-mkspan.mzn","../data/mo/minizinc_to_flatzinc/rcpsp-wet-mkspan/minizinc_psplib_due_dates/j90/J90_23_3.dzn"
"rcpsp-wet-mkspan","../data/mo/minizinc_to_flatzinc/rcpsp-wet-mkspan/rcpsp-wet-mkspan.mzn","../data/mo/minizinc_to_flatzinc/rcpsp-wet-mkspan/minizinc_psplib_due_dates/j90/J90_30_9.dzn"
"rcpsp-wet-mkspan","../data/mo/minizinc_to_flatzinc/rcpsp-wet-mkspan/rcpsp-wet-mkspan.mzn","../data/mo/minizinc_to_flatzinc/rcpsp-wet-mkspan/minizinc_psplib_due_dates/j90/J90_48_9.dzn"
"rcpsp-wet-mkspan","../data/mo/minizinc_to_flatzinc/rcpsp-wet-mkspan/rcpsp-wet-mkspan.mzn","../data/mo/minizinc_to_flatzinc/rcpsp-wet-mkspan/minizinc_psplib_due_dates/j90/J90_46_6.dzn"
"rcpsp-wet-mkspan","../data/mo/minizinc_to_flatzinc/rcpsp-wet-mkspan/rcpsp-wet-mkspan.mzn","../data/mo/minizinc_to_flatzinc/rcpsp-wet-mkspan/minizinc_psplib_due_dates/j90/J90_25_5.dzn"
"rcpsp-wet-mkspan","../data/mo/minizinc_to_flatzinc/rcpsp-wet-mkspan/rcpsp-wet-mkspan.mzn","../data/mo/minizinc_to_flatzinc/rcpsp-wet-mkspan/minizinc_psplib_due_dates/j90/J90_29_8.dzn"
"rcpsp-wet-mkspan","../data/mo/minizinc_to_flatzinc/rcpsp-wet-mkspan/rcpsp-wet-mkspan.mzn","../data/mo/minizinc_to_flatzinc/rcpsp-wet-mkspan/minizinc_psplib_due_dates/j90/J90_8_3.dzn"
"rcpsp-wet-mkspan","../data/mo/minizinc_to_flatzinc/rcpsp-wet-mkspan/rcpsp-wet-mkspan.mzn","../data/mo/minizinc_to_flatzinc/rcpsp-wet-mkspan/minizinc_psplib_due_dates/j90/J90_44_4.dzn"
"rcpsp-wet-mkspan","../data/mo/minizinc_to_flatzinc/rcpsp-wet-mkspan/rcpsp-wet-mkspan.mzn","../data/mo/minizinc_to_flatzinc/rcpsp-wet-mkspan/minizinc_psplib_due_dates/j90/J90_27_7.dzn"
"rcpsp-wet-mkspan","../data/mo/minizinc_to_flatzinc/rcpsp-wet-mkspan/rcpsp-wet-mkspan.mzn","../data/mo/minizinc_to_flatzinc/rcpsp-wet-mkspan/minizinc_psplib_due_dates/j90/J90_44_6.dzn"
"rcpsp-wet-mkspan","../data/mo/minizinc_to_flatzinc/rcpsp-wet-mkspan/rcpsp-wet-mkspan.mzn","../data/mo/minizinc_to_flatzinc/rcpsp-wet-mkspan/minizinc_psplib_due_dates/j90/J90_8_1.dzn"
"rcpsp-wet-mkspan","../data/mo/minizinc_to_flatzinc/rcpsp-wet-mkspan/rcpsp-wet-mkspan.mzn","../data/mo/minizinc_to_flatzinc/rcpsp-wet-mkspan/minizinc_psplib_due_dates/j90/J90_27_5.dzn"
"rcpsp-wet-mkspan","../data/mo/minizinc_to_flatzinc/rcpsp-wet-mkspan/rcpsp-wet-mkspan.mzn","../data/mo/minizinc_to_flatzinc/rcpsp-wet-mkspan/minizinc_psplib_due_dates/j90/J90_46_4.dzn"
"rcpsp-wet-mkspan","../data/mo/minizinc_to_flatzinc/rcpsp-wet-mkspan/rcpsp-wet-mkspan.mzn","../data/mo/minizinc_to_flatzinc/rcpsp-wet-mkspan/minizinc_psplib_due_dates/j90/J90_25_7.dzn"
"rcpsp-wet-mkspan","../data/mo/minizinc_to_flatzinc/rcpsp-wet-mkspan/rcpsp-wet-mkspan.mzn","../data/mo/minizinc_to_flatzinc/rcpsp-wet-mkspan/minizinc_psplib_due_dates/j90/J90_38_2.dzn"
"rcpsp-wet-mkspan","../data/mo/minizinc_to_flatzinc/rcpsp-wet-mkspan/rcpsp-wet-mkspan.mzn","../data/mo/minizinc_to_flatzinc/rcpsp-wet-mkspan/minizinc_psplib_due_dates/j90/J90_23_1.dzn"
"rcpsp-wet-mkspan","../data/mo/minizinc_to_flatzinc/rcpsp-wet-mkspan/rcpsp-wet-mkspan.mzn","../data/mo/minizinc_to_flatzinc/rcpsp-wet-mkspan/minizinc_psplib_due_dates/j90/J90_16_8.dzn"
"rcpsp-wet-mkspan","../data/mo/minizinc_to_flatzinc/rcpsp-wet-mkspan/rcpsp-wet-mkspan.mzn","../data/mo/minizinc_to_flatzinc/rcpsp-wet-mkspan/minizinc_psplib_due_dates/j90/J90_40_2.dzn"
"rcpsp-wet-mkspan","../data/mo/minizinc_to_flatzinc/rcpsp-wet-mkspan/rcpsp-wet-mkspan.mzn","../data/mo/minizinc_to_flatzinc/rcpsp-wet-mkspan/minizinc_psplib_due_dates/j90/J90_18_7.dzn"
"rcpsp-wet-mkspan","../data/mo/minizinc_to_flatzinc/rcpsp-wet-mkspan/rcpsp-wet-mkspan.mzn","../data/mo/minizinc_to_flatzinc/rcpsp-wet-mkspan/minizinc_psplib_due_dates/j90/J90_21_3.dzn"
"rcpsp-wet-mkspan","../data/mo/minizinc_to_flatzinc/rcpsp-wet-mkspan/rcpsp-wet-mkspan.mzn","../data/mo/minizinc_to_flatzinc/rcpsp-wet-mkspan/minizinc_psplib_due_dates/j90/J90_32_9.dzn"
"rcpsp-wet-mkspan","../data/mo/minizinc_to_flatzinc/rcpsp-wet-mkspan/rcpsp-wet-mkspan.mzn","../data/mo/minizinc_to_flatzinc/rcpsp-wet-mkspan/minizinc_psplib_due_dates/j90/J90_42_1.dzn"
"rcpsp-wet-mkspan","../data/mo/minizinc_to_flatzinc/rcpsp-wet-mkspan/rcpsp-wet-mkspan.mzn","../data/mo/minizinc_to_flatzinc/rcpsp-wet-mkspan/minizinc_psplib_due_dates/j90/J90_32_8.dzn"
"rcpsp-wet-mkspan","../data/mo/minizinc_to_flatzinc/rcpsp-wet-mkspan/rcpsp-wet-mkspan.mzn","../data/mo/minizinc_to_flatzinc/rcpsp-wet-mkspan/minizinc_psplib_due_dates/j90/J90_21_2.dzn"
"rcpsp-wet-mkspan","../data/mo/minizinc_to_flatzinc/rcpsp-wet-mkspan/rcpsp-wet-mkspan.mzn","../data/mo/minizinc_to_flatzinc/rcpsp-wet-mkspan/minizinc_psplib_due_dates/j90/J90_18_6.dzn"
"rcpsp-wet-mkspan","../data/mo/minizinc_to_flatzinc/rcpsp-wet-mkspan/rcpsp-wet-mkspan.mzn","../data/mo/minizinc_to_flatzinc/rcpsp-wet-mkspan/minizinc_psplib_due_dates/j90/J90_40_3.dzn"
"rcpsp-wet-mkspan","../data/mo/minizinc_to_flatzinc/rcpsp-wet-mkspan/rcpsp-wet-mkspan.mzn","../data/mo/minizinc_to_flatzinc/rcpsp-wet-mkspan/minizinc_psplib_due_dates/j90/J90_16_9.dzn"
"rcpsp-wet-mkspan","../data/mo/minizinc_to_flatzinc/rcpsp-wet-mkspan/rcpsp-wet-mkspan.mzn","../data/mo/minizinc_to_flatzinc/rcpsp-wet-mkspan/minizinc_psplib_due_dates/j90/J90_38_3.dzn"
"rcpsp-wet-mkspan","../data/mo/minizinc_to_flatzinc/rcpsp-wet-mkspan/rcpsp-wet-mkspan.mzn","../data/mo/minizinc_to_flatzinc/rcpsp-wet-mkspan/minizinc_psplib_due_dates/j90/J90_25_6.dzn"
"rcpsp-wet-mkspan","../data/mo/minizinc_to_flatzinc/rcpsp-wet-mkspan/rcpsp-wet-mkspan.mzn","../data/mo/minizinc_to_flatzinc/rcpsp-wet-mkspan/minizinc_psplib_due_dates/j90/J90_46_5.dzn"
"rcpsp-wet-mkspan","../data/mo/minizinc_to_flatzinc/rcpsp-wet-mkspan/rcpsp-wet-mkspan.mzn","../data/mo/minizinc_to_flatzinc/rcpsp-wet-mkspan/minizinc_psplib_due_dates/j90/J90_27_4.dzn"
"rcpsp-wet-mkspan","../data/mo/minizinc_to_flatzinc/rcpsp-wet-mkspan/rcpsp-wet-mkspan.mzn","../data/mo/minizinc_to_flatzinc/rcpsp-wet-mkspan/minizinc_psplib_due_dates/j90/J90_44_7.dzn"
"rcpsp-wet-mkspan","../data/mo/minizinc_to_flatzinc/rcpsp-wet-mkspan/rcpsp-wet-mkspan.mzn","../data/mo/minizinc_to_flatzinc/rcpsp-wet-mkspan/minizinc_psplib_due_dates/j90/J90_8_4.dzn"
"rcpsp-wet-mkspan","../data/mo/minizinc_to_flatzinc/rcpsp-wet-mkspan/rcpsp-wet-mkspan.mzn","../data/mo/minizinc_to_flatzinc/rcpsp-wet-mkspan/minizinc_psplib_due_dates/j90/J90_44_3.dzn"
"rcpsp-wet-mkspan","../data/mo/minizinc_to_flatzinc/rcpsp-wet-mkspan/rcpsp-wet-mkspan.mzn","../data/mo/minizinc_to_flatzinc/rcpsp-wet-mkspan/minizinc_psplib_due_dates/j90/J90_12_9.dzn"
"rcpsp-wet-mkspan","../data/mo/minizinc_to_flatzinc/rcpsp-wet-mkspan/rcpsp-wet-mkspan.mzn","../data/mo/minizinc_to_flatzinc/rcpsp-wet-mkspan/minizinc_psplib_due_dates/j90/J90_2_10.dzn"
"rcpsp-wet-mkspan","../data/mo/minizinc_to_flatzinc/rcpsp-wet-mkspan/rcpsp-wet-mkspan.mzn","../data/mo/minizinc_to_flatzinc/rcpsp-wet-mkspan/minizinc_psplib_due_dates/j90/J90_46_1.dzn"
"rcpsp-wet-mkspan","../data/mo/minizinc_to_flatzinc/rcpsp-wet-mkspan/rcpsp-wet-mkspan.mzn","../data/mo/minizinc_to_flatzinc/rcpsp-wet-mkspan/minizinc_psplib_due_dates/j90/J90_36_8.dzn"
"rcpsp-wet-mkspan","../data/mo/minizinc_to_flatzinc/rcpsp-wet-mkspan/rcpsp-wet-mkspan.mzn","../data/mo/minizinc_to_flatzinc/rcpsp-wet-mkspan/minizinc_psplib_due_dates/j90/J90_25_2.dzn"
"rcpsp-wet-mkspan","../data/mo/minizinc_to_flatzinc/rcpsp-wet-mkspan/rcpsp-wet-mkspan.mzn","../data/mo/minizinc_to_flatzinc/rcpsp-wet-mkspan/minizinc_psplib_due_dates/j90/J90_4_9.dzn"
"rcpsp-wet-mkspan","../data/mo/minizinc_to_flatzinc/rcpsp-wet-mkspan/rcpsp-wet-mkspan.mzn","../data/mo/minizinc_to_flatzinc/rcpsp-wet-mkspan/minizinc_psplib_due_dates/j90/J90_38_7.dzn"
"rcpsp-wet-mkspan","../data/mo/minizinc_to_flatzinc/rcpsp-wet-mkspan/rcpsp-wet-mkspan.mzn","../data/mo/minizinc_to_flatzinc/rcpsp-wet-mkspan/minizinc_psplib_due_dates/j90/J90_23_4.dzn"
"rcpsp-wet-mkspan","../data/mo/minizinc_to_flatzinc/rcpsp-wet-mkspan/rcpsp-wet-mkspan.mzn","../data/mo/minizinc_to_flatzinc/rcpsp-wet-mkspan/minizinc_psplib_due_dates/j90/J90_40_7.dzn"
"rcpsp-wet-mkspan","../data/mo/minizinc_to_flatzinc/rcpsp-wet-mkspan/rcpsp-wet-mkspan.mzn","../data/mo/minizinc_to_flatzinc/rcpsp-wet-mkspan/minizinc_psplib_due_dates/j90/J90_18_2.dzn"
"rcpsp-wet-mkspan","../data/mo/minizinc_to_flatzinc/rcpsp-wet-mkspan/rcpsp-wet-mkspan.mzn","../data/mo/minizinc_to_flatzinc/rcpsp-wet-mkspan/minizinc_psplib_due_dates/j90/J90_21_6.dzn"
"rcpsp-wet-mkspan","../data/mo/minizinc_to_flatzinc/rcpsp-wet-mkspan/rcpsp-wet-mkspan.mzn","../data/mo/minizinc_to_flatzinc/rcpsp-wet-mkspan/minizinc_psplib_due_dates/j90/J90_42_5.dzn"
"rcpsp-wet-mkspan","../data/mo/minizinc_to_flatzinc/rcpsp-wet-mkspan/rcpsp-wet-mkspan.mzn","../data/mo/minizinc_to_flatzinc/rcpsp-wet-mkspan/minizinc_psplib_due_dates/j90/J90_42_4.dzn"
"rcpsp-wet-mkspan","../data/mo/minizinc_to_flatzinc/rcpsp-wet-mkspan/rcpsp-wet-mkspan.mzn","../data/mo/minizinc_to_flatzinc/rcpsp-wet-mkspan/minizinc_psplib_due_dates/j90/J90_21_7.dzn"
"rcpsp-wet-mkspan","../data/mo/minizinc_to_flatzinc/rcpsp-wet-mkspan/rcpsp-wet-mkspan.mzn","../data/mo/minizinc_to_flatzinc/rcpsp-wet-mkspan/minizinc_psplib_due_dates/j90/J90_18_3.dzn"
"rcpsp-wet-mkspan","../data/mo/minizinc_to_flatzinc/rcpsp-wet-mkspan/rcpsp-wet-mkspan.mzn","../data/mo/minizinc_to_flatzinc/rcpsp-wet-mkspan/minizinc_psplib_due_dates/j90/J90_40_6.dzn"
"rcpsp-wet-mkspan","../data/mo/minizinc_to_flatzinc/rcpsp-wet-mkspan/rcpsp-wet-mkspan.mzn","../data/mo/minizinc_to_flatzinc/rcpsp-wet-mkspan/minizinc_psplib_due_dates/j90/J90_23_5.dzn"
"rcpsp-wet-mkspan","../data/mo/minizinc_to_flatzinc/rcpsp-wet-mkspan/rcpsp-wet-mkspan.mzn","../data/mo/minizinc_to_flatzinc/rcpsp-wet-mkspan/minizinc_psplib_due_dates/j90/J90_4_8.dzn"
"rcpsp-wet-mkspan","../data/mo/minizinc_to_flatzinc/rcpsp-wet-mkspan/rcpsp-wet-mkspan.mzn","../data/mo/minizinc_to_flatzinc/rcpsp-wet-mkspan/minizinc_psplib_due_dates/j90/J90_38_6.dzn"
"rcpsp-wet-mkspan","../data/mo/minizinc_to_flatzinc/rcpsp-wet-mkspan/rcpsp-wet-mkspan.mzn","../data/mo/minizinc_to_flatzinc/rcpsp-wet-mkspan/minizinc_psplib_due_dates/j90/J90_25_3.dzn"
"rcpsp-wet-mkspan","../data/mo/minizinc_to_flatzinc/rcpsp-wet-mkspan/rcpsp-wet-mkspan.mzn","../data/mo/minizinc_to_flatzinc/rcpsp-wet-mkspan/minizinc_psplib_due_dates/j90/J90_36_9.dzn"
"rcpsp-wet-mkspan","../data/mo/minizinc_to_flatzinc/rcpsp-wet-mkspan/rcpsp-wet-mkspan.mzn","../data/mo/minizinc_to_flatzinc/rcpsp-wet-mkspan/minizinc_psplib_due_dates/j90/J90_27_1.dzn"
"rcpsp-wet-mkspan","../data/mo/minizinc_to_flatzinc/rcpsp-wet-mkspan/rcpsp-wet-mkspan.mzn","../data/mo/minizinc_to_flatzinc/rcpsp-wet-mkspan/minizinc_psplib_due_dates/j90/J90_12_8.dzn"
"rcpsp-wet-mkspan","../data/mo/minizinc_to_flatzinc/rcpsp-wet-mkspan/rcpsp-wet-mkspan.mzn","../data/mo/minizinc_to_flatzinc/rcpsp-wet-mkspan/minizinc_psplib_due_dates/j90/J90_8_5.dzn"
"rcpsp-wet-mkspan","../data/mo/minizinc_to_flatzinc/rcpsp-wet-mkspan/rcpsp-wet-mkspan.mzn","../data/mo/minizinc_to_flatzinc/rcpsp-wet-mkspan/minizinc_psplib_due_dates/j90/J90_44_2.dzn"
"rcpsp-wet-mkspan","../data/mo/minizinc_to_flatzinc/rcpsp-wet-mkspan/rcpsp-wet-mkspan.mzn","../data/mo/minizinc_to_flatzinc/rcpsp-wet-mkspan/minizinc_psplib_due_dates/j90/J90_27_3.dzn"
"rcpsp-wet-mkspan","../data/mo/minizinc_to_flatzinc/rcpsp-wet-mkspan/rcpsp-wet-mkspan.mzn","../data/mo/minizinc_to_flatzinc/rcpsp-wet-mkspan/minizinc_psplib_due_dates/j90/J90_24_10.dzn"
"rcpsp-wet-mkspan","../data/mo/minizinc_to_flatzinc/rcpsp-wet-mkspan/rcpsp-wet-mkspan.mzn","../data/mo/minizinc_to_flatzinc/rcpsp-wet-mkspan/minizinc_psplib_due_dates/j90/J90_8_7.dzn"
"rcpsp-wet-mkspan","../data/mo/minizinc_to_flatzinc/rcpsp-wet-mkspan/rcpsp-wet-mkspan.mzn","../data/mo/minizinc_to_flatzinc/rcpsp-wet-mkspan/minizinc_psplib_due_dates/j90/J90_34_9.dzn"
"rcpsp-wet-mkspan","../data/mo/minizinc_to_flatzinc/rcpsp-wet-mkspan/rcpsp-wet-mkspan.mzn","../data/mo/minizinc_to_flatzinc/rcpsp-wet-mkspan/minizinc_psplib_due_dates/j90/J90_6_8.dzn"
"rcpsp-wet-mkspan","../data/mo/minizinc_to_flatzinc/rcpsp-wet-mkspan/rcpsp-wet-mkspan.mzn","../data/mo/minizinc_to_flatzinc/rcpsp-wet-mkspan/minizinc_psplib_due_dates/j90/J90_25_1.dzn"
"rcpsp-wet-mkspan","../data/mo/minizinc_to_flatzinc/rcpsp-wet-mkspan/rcpsp-wet-mkspan.mzn","../data/mo/minizinc_to_flatzinc/rcpsp-wet-mkspan/minizinc_psplib_due_dates/j90/J90_10_8.dzn"
"rcpsp-wet-mkspan","../data/mo/minizinc_to_flatzinc/rcpsp-wet-mkspan/rcpsp-wet-mkspan.mzn","../data/mo/minizinc_to_flatzinc/rcpsp-wet-mkspan/minizinc_psplib_due_dates/j90/J90_46_2.dzn"
"rcpsp-wet-mkspan","../data/mo/minizinc_to_flatzinc/rcpsp-wet-mkspan/rcpsp-wet-mkspan.mzn","../data/mo/minizinc_to_flatzinc/rcpsp-wet-mkspan/minizinc_psplib_due_dates/j90/J90_47_10.dzn"
"rcpsp-wet-mkspan","../data/mo/minizinc_to_flatzinc/rcpsp-wet-mkspan/rcpsp-wet-mkspan.mzn","../data/mo/minizinc_to_flatzinc/rcpsp-wet-mkspan/minizinc_psplib_due_dates/j90/J90_38_4.dzn"
"rcpsp-wet-mkspan","../data/mo/minizinc_to_flatzinc/rcpsp-wet-mkspan/rcpsp-wet-mkspan.mzn","../data/mo/minizinc_to_flatzinc/rcpsp-wet-mkspan/minizinc_psplib_due_dates/j90/J90_40_4.dzn"
"rcpsp-wet-mkspan","../data/mo/minizinc_to_flatzinc/rcpsp-wet-mkspan/rcpsp-wet-mkspan.mzn","../data/mo/minizinc_to_flatzinc/rcpsp-wet-mkspan/minizinc_psplib_due_dates/j90/J90_23_7.dzn"
"rcpsp-wet-mkspan","../data/mo/minizinc_to_flatzinc/rcpsp-wet-mkspan/rcpsp-wet-mkspan.mzn","../data/mo/minizinc_to_flatzinc/rcpsp-wet-mkspan/minizinc_psplib_due_dates/j90/J90_36_10.dzn"
"rcpsp-wet-mkspan","../data/mo/minizinc_to_flatzinc/rcpsp-wet-mkspan/rcpsp-wet-mkspan.mzn","../data/mo/minizinc_to_flatzinc/rcpsp-wet-mkspan/minizinc_psplib_due_dates/j90/J90_18_1.dzn"
"rcpsp-wet-mkspan","../data/mo/minizinc_to_flatzinc/rcpsp-wet-mkspan/rcpsp-wet-mkspan.mzn","../data/mo/minizinc_to_flatzinc/rcpsp-wet-mkspan/minizinc_psplib_due_dates/j90/J90_28_10.dzn"
"rcpsp-wet-mkspan","../data/mo/minizinc_to_flatzinc/rcpsp-wet-mkspan/rcpsp-wet-mkspan.mzn","../data/mo/minizinc_to_flatzinc/rcpsp-wet-mkspan/minizinc_psplib_due_dates/j90/J90_42_6.dzn"
"rcpsp-wet-mkspan","../data/mo/minizinc_to_flatzinc/rcpsp-wet-mkspan/rcpsp-wet-mkspan.mzn","../data/mo/minizinc_to_flatzinc/rcpsp-wet-mkspan/minizinc_psplib_due_dates/j90/J90_21_5.dzn"
"rcpsp-wet-mkspan","../data/mo/minizinc_to_flatzinc/rcpsp-wet-mkspan/rcpsp-wet-mkspan.mzn","../data/mo/minizinc_to_flatzinc/rcpsp-wet-mkspan/minizinc_psplib_due_dates/j90/J90_21_4.dzn"
"rcpsp-wet-mkspan","../data/mo/minizinc_to_flatzinc/rcpsp-wet-mkspan/rcpsp-wet-mkspan.mzn","../data/mo/minizinc_to_flatzinc/rcpsp-wet-mkspan/minizinc_psplib_due_dates/j90/J90_42_7.dzn"
"rcpsp-wet-mkspan","../data/mo/minizinc_to_flatzinc/rcpsp-wet-mkspan/rcpsp-wet-mkspan.mzn","../data/mo/minizinc_to_flatzinc/rcpsp-wet-mkspan/minizinc_psplib_due_dates/j90/J90_23_6.dzn"
"rcpsp-wet-mkspan","../data/mo/minizinc_to_flatzinc/rcpsp-wet-mkspan/rcpsp-wet-mkspan.mzn","../data/mo/minizinc_to_flatzinc/rcpsp-wet-mkspan/minizinc_psplib_due_dates/j90/J90_40_5.dzn"
"rcpsp-wet-mkspan","../data/mo/minizinc_to_flatzinc/rcpsp-wet-mkspan/rcpsp-wet-mkspan.mzn","../data/mo/minizinc_to_flatzinc/rcpsp-wet-mkspan/minizinc_psplib_due_dates/j90/J90_12_10.dzn"
"rcpsp-wet-mkspan","../data/mo/minizinc_to_flatzinc/rcpsp-wet-mkspan/rcpsp-wet-mkspan.mzn","../data/mo/minizinc_to_flatzinc/rcpsp-wet-mkspan/minizinc_psplib_due_dates/j90/J90_38_5.dzn"
"rcpsp-wet-mkspan","../data/mo/minizinc_to_flatzinc/rcpsp-wet-mkspan/rcpsp-wet-mkspan.mzn","../data/mo/minizinc_to_flatzinc/rcpsp-wet-mkspan/minizinc_psplib_due_dates/j90/J90_46_3.dzn"
"rcpsp-wet-mkspan","../data/mo/minizinc_to_flatzinc/rcpsp-wet-mkspan/rcpsp-wet-mkspan.mzn","../data/mo/minizinc_to_flatzinc/rcpsp-wet-mkspan/minizinc_psplib_due_dates/j90/J90_10_9.dzn"
"rcpsp-wet-mkspan","../data/mo/minizinc_to_flatzinc/rcpsp-wet-mkspan/rcpsp-wet-mkspan.mzn","../data/mo/minizinc_to_flatzinc/rcpsp-wet-mkspan/minizinc_psplib_due_dates/j90/J90_6_9.dzn"
"rcpsp-wet-mkspan","../data/mo/minizinc_to_flatzinc/rcpsp-wet-mkspan/rcpsp-wet-mkspan.mzn","../data/mo/minizinc_to_flatzinc/rcpsp-wet-mkspan/minizinc_psplib_due_dates/j90/J90_44_1.dzn"
"rcpsp-wet-mkspan","../data/mo/minizinc_to_flatzinc/rcpsp-wet-mkspan/rcpsp-wet-mkspan.mzn","../data/mo/minizinc_to_flatzinc/rcpsp-wet-mkspan/minizinc_psplib_due_dates/j90/J90_8_6.dzn"
"rcpsp-wet-mkspan","../data/mo/minizinc_to_flatzinc/rcpsp-wet-mkspan/rcpsp-wet-mkspan.mzn","../data/mo/minizinc_to_flatzinc/rcpsp-wet-mkspan/minizinc_psplib_due_dates/j90/J90_34_8.dzn"
"rcpsp-wet-mkspan","../data/mo/minizinc_to_flatzinc/rcpsp-wet-mkspan/rcpsp-wet-mkspan.mzn","../data/mo/minizinc_to_flatzinc/rcpsp-wet-mkspan/minizinc_psplib_due_dates/j90/J90_27_2.dzn"
"rcpsp-wet-mkspan","../data/mo/minizinc_to_flatzinc/rcpsp-wet-mkspan/rcpsp-wet-mkspan.mzn","../data/mo/minizinc_to_flatzinc/rcpsp-wet-mkspan/minizinc_psplib_due_dates/j90/J90_20_3.dzn"
"rcpsp-wet-mkspan","../data/mo/minizinc_to_flatzinc/rcpsp-wet-mkspan/rcpsp-wet-mkspan.mzn","../data/mo/minizinc_to_flatzinc/rcpsp-wet-mkspan/minizinc_psplib_due_dates/j90/J90_33_9.dzn"
"rcpsp-wet-mkspan","../data/mo/minizinc_to_flatzinc/rcpsp-wet-mkspan/rcpsp-wet-mkspan.mzn","../data/mo/minizinc_to_flatzinc/rcpsp-wet-mkspan/minizinc_psplib_due_dates/j90/J90_1_8.dzn"
"rcpsp-wet-mkspan","../data/mo/minizinc_to_flatzinc/rcpsp-wet-mkspan/rcpsp-wet-mkspan.mzn","../data/mo/minizinc_to_flatzinc/rcpsp-wet-mkspan/minizinc_psplib_due_dates/j90/J90_22_1.dzn"
"rcpsp-wet-mkspan","../data/mo/minizinc_to_flatzinc/rcpsp-wet-mkspan/rcpsp-wet-mkspan.mzn","../data/mo/minizinc_to_flatzinc/rcpsp-wet-mkspan/minizinc_psplib_due_dates/j90/J90_17_8.dzn"
"rcpsp-wet-mkspan","../data/mo/minizinc_to_flatzinc/rcpsp-wet-mkspan/rcpsp-wet-mkspan.mzn","../data/mo/minizinc_to_flatzinc/rcpsp-wet-mkspan/minizinc_psplib_due_dates/j90/J90_41_2.dzn"
"rcpsp-wet-mkspan","../data/mo/minizinc_to_flatzinc/rcpsp-wet-mkspan/rcpsp-wet-mkspan.mzn","../data/mo/minizinc_to_flatzinc/rcpsp-wet-mkspan/minizinc_psplib_due_dates/j90/J90_19_7.dzn"
"rcpsp-wet-mkspan","../data/mo/minizinc_to_flatzinc/rcpsp-wet-mkspan/rcpsp-wet-mkspan.mzn","../data/mo/minizinc_to_flatzinc/rcpsp-wet-mkspan/minizinc_psplib_due_dates/j90/J90_47_4.dzn"
"rcpsp-wet-mkspan","../data/mo/minizinc_to_flatzinc/rcpsp-wet-mkspan/rcpsp-wet-mkspan.mzn","../data/mo/minizinc_to_flatzinc/rcpsp-wet-mkspan/minizinc_psplib_due_dates/j90/J90_24_7.dzn"
"rcpsp-wet-mkspan","../data/mo/minizinc_to_flatzinc/rcpsp-wet-mkspan/rcpsp-wet-mkspan.mzn","../data/mo/minizinc_to_flatzinc/rcpsp-wet-mkspan/minizinc_psplib_due_dates/j90/J90_39_2.dzn"
"rcpsp-wet-mkspan","../data/mo/minizinc_to_flatzinc/rcpsp-wet-mkspan/rcpsp-wet-mkspan.mzn","../data/mo/minizinc_to_flatzinc/rcpsp-wet-mkspan/minizinc_psplib_due_dates/j90/J90_9_1.dzn"
"rcpsp-wet-mkspan","../data/mo/minizinc_to_flatzinc/rcpsp-wet-mkspan/rcpsp-wet-mkspan.mzn","../data/mo/minizinc_to_flatzinc/rcpsp-wet-mkspan/minizinc_psplib_due_dates/j90/J90_45_6.dzn"
"rcpsp-wet-mkspan","../data/mo/minizinc_to_flatzinc/rcpsp-wet-mkspan/rcpsp-wet-mkspan.mzn","../data/mo/minizinc_to_flatzinc/rcpsp-wet-mkspan/minizinc_psplib_due_dates/j90/J90_26_5.dzn"
"rcpsp-wet-mkspan","../data/mo/minizinc_to_flatzinc/rcpsp-wet-mkspan/rcpsp-wet-mkspan.mzn","../data/mo/minizinc_to_flatzinc/rcpsp-wet-mkspan/minizinc_psplib_due_dates/j90/J90_26_4.dzn"
"rcpsp-wet-mkspan","../data/mo/minizinc_to_flatzinc/rcpsp-wet-mkspan/rcpsp-wet-mkspan.mzn","../data/mo/minizinc_to_flatzinc/rcpsp-wet-mkspan/minizinc_psplib_due_dates/j90/J90_45_7.dzn"
"rcpsp-wet-mkspan","../data/mo/minizinc_to_flatzinc/rcpsp-wet-mkspan/rcpsp-wet-mkspan.mzn","../data/mo/minizinc_to_flatzinc/rcpsp-wet-mkspan/minizinc_psplib_due_dates/j90/J90_39_3.dzn"
"rcpsp-wet-mkspan","../data/mo/minizinc_to_flatzinc/rcpsp-wet-mkspan/rcpsp-wet-mkspan.mzn","../data/mo/minizinc_to_flatzinc/rcpsp-wet-mkspan/minizinc_psplib_due_dates/j90/J90_24_6.dzn"
"rcpsp-wet-mkspan","../data/mo/minizinc_to_flatzinc/rcpsp-wet-mkspan/rcpsp-wet-mkspan.mzn","../data/mo/minizinc_to_flatzinc/rcpsp-wet-mkspan/minizinc_psplib_due_dates/j90/J90_47_5.dzn"
"rcpsp-wet-mkspan","../data/mo/minizinc_to_flatzinc/rcpsp-wet-mkspan/rcpsp-wet-mkspan.mzn","../data/mo/minizinc_to_flatzinc/rcpsp-wet-mkspan/minizinc_psplib_due_dates/j90/J90_19_6.dzn"
"rcpsp-wet-mkspan","../data/mo/minizinc_to_flatzinc/rcpsp-wet-mkspan/rcpsp-wet-mkspan.mzn","../data/mo/minizinc_to_flatzinc/rcpsp-wet-mkspan/minizinc_psplib_due_dates/j90/J90_41_3.dzn"
"rcpsp-wet-mkspan","../data/mo/minizinc_to_flatzinc/rcpsp-wet-mkspan/rcpsp-wet-mkspan.mzn","../data/mo/minizinc_to_flatzinc/rcpsp-wet-mkspan/minizinc_psplib_due_dates/j90/J90_17_9.dzn"
"rcpsp-wet-mkspan","../data/mo/minizinc_to_flatzinc/rcpsp-wet-mkspan/rcpsp-wet-mkspan.mzn","../data/mo/minizinc_to_flatzinc/rcpsp-wet-mkspan/minizinc_psplib_due_dates/j90/J90_1_9.dzn"
"rcpsp-wet-mkspan","../data/mo/minizinc_to_flatzinc/rcpsp-wet-mkspan/rcpsp-wet-mkspan.mzn","../data/mo/minizinc_to_flatzinc/rcpsp-wet-mkspan/minizinc_psplib_due_dates/j90/J90_6_10.dzn"
"rcpsp-wet-mkspan","../data/mo/minizinc_to_flatzinc/rcpsp-wet-mkspan/rcpsp-wet-mkspan.mzn","../data/mo/minizinc_to_flatzinc/rcpsp-wet-mkspan/minizinc_psplib_due_dates/j90/J90_33_8.dzn"
"rcpsp-wet-mkspan","../data/mo/minizinc_to_flatzinc/rcpsp-wet-mkspan/rcpsp-wet-mkspan.mzn","../data/mo/minizinc_to_flatzinc/rcpsp-wet-mkspan/minizinc_psplib_due_dates/j90/J90_43_1.dzn"
"rcpsp-wet-mkspan","../data/mo/minizinc_to_flatzinc/rcpsp-wet-mkspan/rcpsp-wet-mkspan.mzn","../data/mo/minizinc_to_flatzinc/rcpsp-wet-mkspan/minizinc_psplib_due_dates/j90/J90_20_2.dzn"
"rcpsp-wet-mkspan","../data/mo/minizinc_to_flatzinc/rcpsp-wet-mkspan/rcpsp-wet-mkspan.mzn","../data/mo/minizinc_to_flatzinc/rcpsp-wet-mkspan/minizinc_psplib_due_dates/j90/J90_43_3.dzn"
"rcpsp-wet-mkspan","../data/mo/minizinc_to_flatzinc/rcpsp-wet-mkspan/rcpsp-wet-mkspan.mzn","../data/mo/minizinc_to_flatzinc/rcpsp-wet-mkspan/minizinc_psplib_due_dates/j90/J90_15_9.dzn"
"rcpsp-wet-mkspan","../data/mo/minizinc_to_flatzinc/rcpsp-wet-mkspan/rcpsp-wet-mkspan.mzn","../data/mo/minizinc_to_flatzinc/rcpsp-wet-mkspan/minizinc_psplib_due_dates/j90/J90_16_10.dzn"
"rcpsp-wet-mkspan","../data/mo/minizinc_to_flatzinc/rcpsp-wet-mkspan/rcpsp-wet-mkspan.mzn","../data/mo/minizinc_to_flatzinc/rcpsp-wet-mkspan/minizinc_psplib_due_dates/j90/J90_31_8.dzn"
"rcpsp-wet-mkspan","../data/mo/minizinc_to_flatzinc/rcpsp-wet-mkspan/rcpsp-wet-mkspan.mzn","../data/mo/minizinc_to_flatzinc/rcpsp-wet-mkspan/minizinc_psplib_due_dates/j90/J90_41_1.dzn"
"rcpsp-wet-mkspan","../data/mo/minizinc_to_flatzinc/rcpsp-wet-mkspan/rcpsp-wet-mkspan.mzn","../data/mo/minizinc_to_flatzinc/rcpsp-wet-mkspan/minizinc_psplib_due_dates/j90/J90_22_2.dzn"
"rcpsp-wet-mkspan","../data/mo/minizinc_to_flatzinc/rcpsp-wet-mkspan/rcpsp-wet-mkspan.mzn","../data/mo/minizinc_to_flatzinc/rcpsp-wet-mkspan/minizinc_psplib_due_dates/j90/J90_19_4.dzn"
"rcpsp-wet-mkspan","../data/mo/minizinc_to_flatzinc/rcpsp-wet-mkspan/rcpsp-wet-mkspan.mzn","../data/mo/minizinc_to_flatzinc/rcpsp-wet-mkspan/minizinc_psplib_due_dates/j90/J90_3_9.dzn"
"rcpsp-wet-mkspan","../data/mo/minizinc_to_flatzinc/rcpsp-wet-mkspan/rcpsp-wet-mkspan.mzn","../data/mo/minizinc_to_flatzinc/rcpsp-wet-mkspan/minizinc_psplib_due_dates/j90/J90_24_4.dzn"
"rcpsp-wet-mkspan","../data/mo/minizinc_to_flatzinc/rcpsp-wet-mkspan/rcpsp-wet-mkspan.mzn","../data/mo/minizinc_to_flatzinc/rcpsp-wet-mkspan/minizinc_psplib_due_dates/j90/J90_47_7.dzn"
"rcpsp-wet-mkspan","../data/mo/minizinc_to_flatzinc/rcpsp-wet-mkspan/rcpsp-wet-mkspan.mzn","../data/mo/minizinc_to_flatzinc/rcpsp-wet-mkspan/minizinc_psplib_due_dates/j90/J90_39_1.dzn"
"rcpsp-wet-mkspan","../data/mo/minizinc_to_flatzinc/rcpsp-wet-mkspan/rcpsp-wet-mkspan.mzn","../data/mo/minizinc_to_flatzinc/rcpsp-wet-mkspan/minizinc_psplib_due_dates/j90/J90_26_6.dzn"
"rcpsp-wet-mkspan","../data/mo/minizinc_to_flatzinc/rcpsp-wet-mkspan/rcpsp-wet-mkspan.mzn","../data/mo/minizinc_to_flatzinc/rcpsp-wet-mkspan/minizinc_psplib_due_dates/j90/J90_45_5.dzn"
"rcpsp-wet-mkspan","../data/mo/minizinc_to_flatzinc/rcpsp-wet-mkspan/rcpsp-wet-mkspan.mzn","../data/mo/minizinc_to_flatzinc/rcpsp-wet-mkspan/minizinc_psplib_due_dates/j90/J90_9_2.dzn"
"rcpsp-wet-mkspan","../data/mo/minizinc_to_flatzinc/rcpsp-wet-mkspan/rcpsp-wet-mkspan.mzn","../data/mo/minizinc_to_flatzinc/rcpsp-wet-mkspan/minizinc_psplib_due_dates/j90/J90_28_9.dzn"
"rcpsp-wet-mkspan","../data/mo/minizinc_to_flatzinc/rcpsp-wet-mkspan/rcpsp-wet-mkspan.mzn","../data/mo/minizinc_to_flatzinc/rcpsp-wet-mkspan/minizinc_psplib_due_dates/j90/J90_28_8.dzn"
"rcpsp-wet-mkspan","../data/mo/minizinc_to_flatzinc/rcpsp-wet-mkspan/rcpsp-wet-mkspan.mzn","../data/mo/minizinc_to_flatzinc/rcpsp-wet-mkspan/minizinc_psplib_due_dates/j90/J90_45_4.dzn"
"rcpsp-wet-mkspan","../data/mo/minizinc_to_flatzinc/rcpsp-wet-mkspan/rcpsp-wet-mkspan.mzn","../data/mo/minizinc_to_flatzinc/rcpsp-wet-mkspan/minizinc_psplib_due_dates/j90/J90_9_3.dzn"
"rcpsp-wet-mkspan","../data/mo/minizinc_to_flatzinc/rcpsp-wet-mkspan/rcpsp-wet-mkspan.mzn","../data/mo/minizinc_to_flatzinc/rcpsp-wet-mkspan/minizinc_psplib_due_dates/j90/J90_26_7.dzn"
"rcpsp-wet-mkspan","../data/mo/minizinc_to_flatzinc/rcpsp-wet-mkspan/rcpsp-wet-mkspan.mzn","../data/mo/minizinc_to_flatzinc/rcpsp-wet-mkspan/minizinc_psplib_due_dates/j90/J90_32_10.dzn"
"rcpsp-wet-mkspan","../data/mo/minizinc_to_flatzinc/rcpsp-wet-mkspan/rcpsp-wet-mkspan.mzn","../data/mo/minizinc_to_flatzinc/rcpsp-wet-mkspan/minizinc_psplib_due_dates/j90/J90_47_6.dzn"
"rcpsp-wet-mkspan","../data/mo/minizinc_to_flatzinc/rcpsp-wet-mkspan/rcpsp-wet-mkspan.mzn","../data/mo/minizinc_to_flatzinc/rcpsp-wet-mkspan/minizinc_psplib_due_dates/j90/J90_24_5.dzn"
"rcpsp-wet-mkspan","../data/mo/minizinc_to_flatzinc/rcpsp-wet-mkspan/rcpsp-wet-mkspan.mzn","../data/mo/minizinc_to_flatzinc/rcpsp-wet-mkspan/minizinc_psplib_due_dates/j90/J90_3_8.dzn"
"rcpsp-wet-mkspan","../data/mo/minizinc_to_flatzinc/rcpsp-wet-mkspan/rcpsp-wet-mkspan.mzn","../data/mo/minizinc_to_flatzinc/rcpsp-wet-mkspan/minizinc_psplib_due_dates/j90/J90_19_5.dzn"
"rcpsp-wet-mkspan","../data/mo/minizinc_to_flatzinc/rcpsp-wet-mkspan/rcpsp-wet-mkspan.mzn","../data/mo/minizinc_to_flatzinc/rcpsp-wet-mkspan/minizinc_psplib_due_dates/j90/J90_20_10.dzn"
"rcpsp-wet-mkspan","../data/mo/minizinc_to_flatzinc/rcpsp-wet-mkspan/rcpsp-wet-mkspan.mzn","../data/mo/minizinc_to_flatzinc/rcpsp-wet-mkspan/minizinc_psplib_due_dates/j90/J90_22_3.dzn"
"rcpsp-wet-mkspan","../data/mo/minizinc_to_flatzinc/rcpsp-wet-mkspan/rcpsp-wet-mkspan.mzn","../data/mo/minizinc_to_flatzinc/rcpsp-wet-mkspan/minizinc_psplib_due_dates/j90/J90_31_9.dzn"
"rcpsp-wet-mkspan","../data/mo/minizinc_to_flatzinc/rcpsp-wet-mkspan/rcpsp-wet-mkspan.mzn","../data/mo/minizinc_to_flatzinc/rcpsp-wet-mkspan/minizinc_psplib_due_dates/j90/J90_43_10.dzn"
"rcpsp-wet-mkspan","../data/mo/minizinc_to_flatzinc/rcpsp-wet-mkspan/rcpsp-wet-mkspan.mzn","../data/mo/minizinc_to_flatzinc/rcpsp-wet-mkspan/minizinc_psplib_due_dates/j90/J90_20_1.dzn"
"rcpsp-wet-mkspan","../data/mo/minizinc_to_flatzinc/rcpsp-wet-mkspan/rcpsp-wet-mkspan.mzn","../data/mo/minizinc_to_flatzinc/rcpsp-wet-mkspan/minizinc_psplib_due_dates/j90/J90_15_8.dzn"
"rcpsp-wet-mkspan","../data/mo/minizinc_to_flatzinc/rcpsp-wet-mkspan/rcpsp-wet-mkspan.mzn","../data/mo/minizinc_to_flatzinc/rcpsp-wet-mkspan/minizinc_psplib_due_dates/j90/J90_43_2.dzn"
"rcpsp-wet-mkspan","../data/mo/minizinc_to_flatzinc/rcpsp-wet-mkspan/rcpsp-wet-mkspan.mzn","../data/mo/minizinc_to_flatzinc/rcpsp-wet-mkspan/minizinc_psplib_due_dates/j90/J90_43_6.dzn"
"rcpsp-wet-mkspan","../data/mo/minizinc_to_flatzinc/rcpsp-wet-mkspan/rcpsp-wet-mkspan.mzn","../data/mo/minizinc_to_flatzinc/rcpsp-wet-mkspan/minizinc_psplib_due_dates/j90/J90_20_5.dzn"
"rcpsp-wet-mkspan","../data/mo/minizinc_to_flatzinc/rcpsp-wet-mkspan/rcpsp-wet-mkspan.mzn","../data/mo/minizinc_to_flatzinc/rcpsp-wet-mkspan/minizinc_psplib_due_dates/j90/J90_18_10.dzn"
"rcpsp-wet-mkspan","../data/mo/minizinc_to_flatzinc/rcpsp-wet-mkspan/rcpsp-wet-mkspan.mzn","../data/mo/minizinc_to_flatzinc/rcpsp-wet-mkspan/minizinc_psplib_due_dates/j90/J90_41_4.dzn"
"rcpsp-wet-mkspan","../data/mo/minizinc_to_flatzinc/rcpsp-wet-mkspan/rcpsp-wet-mkspan.mzn","../data/mo/minizinc_to_flatzinc/rcpsp-wet-mkspan/minizinc_psplib_due_dates/j90/J90_22_7.dzn"
"rcpsp-wet-mkspan","../data/mo/minizinc_to_flatzinc/rcpsp-wet-mkspan/rcpsp-wet-mkspan.mzn","../data/mo/minizinc_to_flatzinc/rcpsp-wet-mkspan/minizinc_psplib_due_dates/j90/J90_19_1.dzn"
"rcpsp-wet-mkspan","../data/mo/minizinc_to_flatzinc/rcpsp-wet-mkspan/rcpsp-wet-mkspan.mzn","../data/mo/minizinc_to_flatzinc/rcpsp-wet-mkspan/minizinc_psplib_due_dates/j90/J90_24_1.dzn"
"rcpsp-wet-mkspan","../data/mo/minizinc_to_flatzinc/rcpsp-wet-mkspan/rcpsp-wet-mkspan.mzn","../data/mo/minizinc_to_flatzinc/rcpsp-wet-mkspan/minizinc_psplib_due_dates/j90/J90_11_8.dzn"
"rcpsp-wet-mkspan","../data/mo/minizinc_to_flatzinc/rcpsp-wet-mkspan/rcpsp-wet-mkspan.mzn","../data/mo/minizinc_to_flatzinc/rcpsp-wet-mkspan/minizinc_psplib_due_dates/j90/J90_47_2.dzn"
"rcpsp-wet-mkspan","../data/mo/minizinc_to_flatzinc/rcpsp-wet-mkspan/rcpsp-wet-mkspan.mzn","../data/mo/minizinc_to_flatzinc/rcpsp-wet-mkspan/minizinc_psplib_due_dates/j90/J90_39_4.dzn"
"rcpsp-wet-mkspan","../data/mo/minizinc_to_flatzinc/rcpsp-wet-mkspan/rcpsp-wet-mkspan.mzn","../data/mo/minizinc_to_flatzinc/rcpsp-wet-mkspan/minizinc_psplib_due_dates/j90/J90_26_3.dzn"
"rcpsp-wet-mkspan","../data/mo/minizinc_to_flatzinc/rcpsp-wet-mkspan/rcpsp-wet-mkspan.mzn","../data/mo/minizinc_to_flatzinc/rcpsp-wet-mkspan/minizinc_psplib_due_dates/j90/J90_9_7.dzn"
"rcpsp-wet-mkspan","../data/mo/minizinc_to_flatzinc/rcpsp-wet-mkspan/rcpsp-wet-mkspan.mzn","../data/mo/minizinc_to_flatzinc/rcpsp-wet-mkspan/minizinc_psplib_due_dates/j90/J90_35_9.dzn"
"rcpsp-wet-mkspan","../data/mo/minizinc_to_flatzinc/rcpsp-wet-mkspan/rcpsp-wet-mkspan.mzn","../data/mo/minizinc_to_flatzinc/rcpsp-wet-mkspan/minizinc_psplib_due_dates/j90/J90_7_8.dzn"
"rcpsp-wet-mkspan","../data/mo/minizinc_to_flatzinc/rcpsp-wet-mkspan/rcpsp-wet-mkspan.mzn","../data/mo/minizinc_to_flatzinc/rcpsp-wet-mkspan/minizinc_psplib_due_dates/j90/J90_14_10.dzn"
"rcpsp-wet-mkspan","../data/mo/minizinc_to_flatzinc/rcpsp-wet-mkspan/rcpsp-wet-mkspan.mzn","../data/mo/minizinc_to_flatzinc/rcpsp-wet-mkspan/minizinc_psplib_due_dates/j90/J90_7_9.dzn"
"rcpsp-wet-mkspan","../data/mo/minizinc_to_flatzinc/rcpsp-wet-mkspan/rcpsp-wet-mkspan.mzn","../data/mo/minizinc_to_flatzinc/rcpsp-wet-mkspan/minizinc_psplib_due_dates/j90/J90_41_10.dzn"
"rcpsp-wet-mkspan","../data/mo/minizinc_to_flatzinc/rcpsp-wet-mkspan/rcpsp-wet-mkspan.mzn","../data/mo/minizinc_to_flatzinc/rcpsp-wet-mkspan/minizinc_psplib_due_dates/j90/J90_9_6.dzn"
"rcpsp-wet-mkspan","../data/mo/minizinc_to_flatzinc/rcpsp-wet-mkspan/rcpsp-wet-mkspan.mzn","../data/mo/minizinc_to_flatzinc/rcpsp-wet-mkspan/minizinc_psplib_due_dates/j90/J90_35_8.dzn"
"rcpsp-wet-mkspan","../data/mo/minizinc_to_flatzinc/rcpsp-wet-mkspan/rcpsp-wet-mkspan.mzn","../data/mo/minizinc_to_flatzinc/rcpsp-wet-mkspan/minizinc_psplib_due_dates/j90/J90_45_1.dzn"
"rcpsp-wet-mkspan","../data/mo/minizinc_to_flatzinc/rcpsp-wet-mkspan/rcpsp-wet-mkspan.mzn","../data/mo/minizinc_to_flatzinc/rcpsp-wet-mkspan/minizinc_psplib_due_dates/j90/J90_26_2.dzn"
"rcpsp-wet-mkspan","../data/mo/minizinc_to_flatzinc/rcpsp-wet-mkspan/rcpsp-wet-mkspan.mzn","../data/mo/minizinc_to_flatzinc/rcpsp-wet-mkspan/minizinc_psplib_due_dates/j90/J90_39_5.dzn"
"rcpsp-wet-mkspan","../data/mo/minizinc_to_flatzinc/rcpsp-wet-mkspan/rcpsp-wet-mkspan.mzn","../data/mo/minizinc_to_flatzinc/rcpsp-wet-mkspan/minizinc_psplib_due_dates/j90/J90_22_10.dzn"
"rcpsp-wet-mkspan","../data/mo/minizinc_to_flatzinc/rcpsp-wet-mkspan/rcpsp-wet-mkspan.mzn","../data/mo/minizinc_to_flatzinc/rcpsp-wet-mkspan/minizinc_psplib_due_dates/j90/J90_47_3.dzn"
"rcpsp-wet-mkspan","../data/mo/minizinc_to_flatzinc/rcpsp-wet-mkspan/rcpsp-wet-mkspan.mzn","../data/mo/minizinc_to_flatzinc/rcpsp-wet-mkspan/minizinc_psplib_due_dates/j90/J90_11_9.dzn"
"rcpsp-wet-mkspan","../data/mo/minizinc_to_flatzinc/rcpsp-wet-mkspan/rcpsp-wet-mkspan.mzn","../data/mo/minizinc_to_flatzinc/rcpsp-wet-mkspan/minizinc_psplib_due_dates/j90/J90_22_6.dzn"
"rcpsp-wet-mkspan","../data/mo/minizinc_to_flatzinc/rcpsp-wet-mkspan/rcpsp-wet-mkspan.mzn","../data/mo/minizinc_to_flatzinc/rcpsp-wet-mkspan/minizinc_psplib_due_dates/j90/J90_41_5.dzn"
"rcpsp-wet-mkspan","../data/mo/minizinc_to_flatzinc/rcpsp-wet-mkspan/rcpsp-wet-mkspan.mzn","../data/mo/minizinc_to_flatzinc/rcpsp-wet-mkspan/minizinc_psplib_due_dates/j90/J90_20_4.dzn"
"rcpsp-wet-mkspan","../data/mo/minizinc_to_flatzinc/rcpsp-wet-mkspan/rcpsp-wet-mkspan.mzn","../data/mo/minizinc_to_flatzinc/rcpsp-wet-mkspan/minizinc_psplib_due_dates/j90/J90_43_7.dzn"
"rcpsp-wet-mkspan","../data/mo/minizinc_to_flatzinc/rcpsp-wet-mkspan/rcpsp-wet-mkspan.mzn","../data/mo/minizinc_to_flatzinc/rcpsp-wet-mkspan/minizinc_psplib_due_dates/j90/J90_30_10.dzn"
"rcpsp-wet-mkspan","../data/mo/minizinc_to_flatzinc/rcpsp-wet-mkspan/rcpsp-wet-mkspan.mzn","../data/mo/minizinc_to_flatzinc/rcpsp-wet-mkspan/minizinc_psplib_due_dates/j90/J90_20_6.dzn"
"rcpsp-wet-mkspan","../data/mo/minizinc_to_flatzinc/rcpsp-wet-mkspan/rcpsp-wet-mkspan.mzn","../data/mo/minizinc_to_flatzinc/rcpsp-wet-mkspan/minizinc_psplib_due_dates/j90/J90_43_5.dzn"
"rcpsp-wet-mkspan","../data/mo/minizinc_to_flatzinc/rcpsp-wet-mkspan/rcpsp-wet-mkspan.mzn","../data/mo/minizinc_to_flatzinc/rcpsp-wet-mkspan/minizinc_psplib_due_dates/j90/J90_22_4.dzn"
"rcpsp-wet-mkspan","../data/mo/minizinc_to_flatzinc/rcpsp-wet-mkspan/rcpsp-wet-mkspan.mzn","../data/mo/minizinc_to_flatzinc/rcpsp-wet-mkspan/minizinc_psplib_due_dates/j90/J90_41_7.dzn"
"rcpsp-wet-mkspan","../data/mo/minizinc_to_flatzinc/rcpsp-wet-mkspan/rcpsp-wet-mkspan.mzn","../data/mo/minizinc_to_flatzinc/rcpsp-wet-mkspan/minizinc_psplib_due_dates/j90/J90_19_2.dzn"
"rcpsp-wet-mkspan","../data/mo/minizinc_to_flatzinc/rcpsp-wet-mkspan/rcpsp-wet-mkspan.mzn","../data/mo/minizinc_to_flatzinc/rcpsp-wet-mkspan/minizinc_psplib_due_dates/j90/J90_37_8.dzn"
"rcpsp-wet-mkspan","../data/mo/minizinc_to_flatzinc/rcpsp-wet-mkspan/rcpsp-wet-mkspan.mzn","../data/mo/minizinc_to_flatzinc/rcpsp-wet-mkspan/minizinc_psplib_due_dates/j90/J90_47_1.dzn"
"rcpsp-wet-mkspan","../data/mo/minizinc_to_flatzinc/rcpsp-wet-mkspan/rcpsp-wet-mkspan.mzn","../data/mo/minizinc_to_flatzinc/rcpsp-wet-mkspan/minizinc_psplib_due_dates/j90/J90_24_2.dzn"
"rcpsp-wet-mkspan","../data/mo/minizinc_to_flatzinc/rcpsp-wet-mkspan/rcpsp-wet-mkspan.mzn","../data/mo/minizinc_to_flatzinc/rcpsp-wet-mkspan/minizinc_psplib_due_dates/j90/J90_5_9.dzn"
"rcpsp-wet-mkspan","../data/mo/minizinc_to_flatzinc/rcpsp-wet-mkspan/rcpsp-wet-mkspan.mzn","../data/mo/minizinc_to_flatzinc/rcpsp-wet-mkspan/minizinc_psplib_due_dates/j90/J90_39_7.dzn"
"rcpsp-wet-mkspan","../data/mo/minizinc_to_flatzinc/rcpsp-wet-mkspan/rcpsp-wet-mkspan.mzn","../data/mo/minizinc_to_flatzinc/rcpsp-wet-mkspan/minizinc_psplib_due_dates/j90/J90_45_3.dzn"
"rcpsp-wet-mkspan","../data/mo/minizinc_to_flatzinc/rcpsp-wet-mkspan/rcpsp-wet-mkspan.mzn","../data/mo/minizinc_to_flatzinc/rcpsp-wet-mkspan/minizinc_psplib_due_dates/j90/J90_9_4.dzn"
"rcpsp-wet-mkspan","../data/mo/minizinc_to_flatzinc/rcpsp-wet-mkspan/rcpsp-wet-mkspan.mzn","../data/mo/minizinc_to_flatzinc/rcpsp-wet-mkspan/minizinc_psplib_due_dates/j90/J90_13_9.dzn"
"rcpsp-wet-mkspan","../data/mo/minizinc_to_flatzinc/rcpsp-wet-mkspan/rcpsp-wet-mkspan.mzn","../data/mo/minizinc_to_flatzinc/rcpsp-wet-mkspan/minizinc_psplib_due_dates/j90/J90_26_1.dzn"
"rcpsp-wet-mkspan","../data/mo/minizinc_to_flatzinc/rcpsp-wet-mkspan/rcpsp-wet-mkspan.mzn","../data/mo/minizinc_to_flatzinc/rcpsp-wet-mkspan/minizinc_psplib_due_dates/j90/J90_13_8.dzn"
"rcpsp-wet-mkspan","../data/mo/minizinc_to_flatzinc/rcpsp-wet-mkspan/rcpsp-wet-mkspan.mzn","../data/mo/minizinc_to_flatzinc/rcpsp-wet-mkspan/minizinc_psplib_due_dates/j90/J90_45_2.dzn"
"rcpsp-wet-mkspan","../data/mo/minizinc_to_flatzinc/rcpsp-wet-mkspan/rcpsp-wet-mkspan.mzn","../data/mo/minizinc_to_flatzinc/rcpsp-wet-mkspan/minizinc_psplib_due_dates/j90/J90_9_5.dzn"
"rcpsp-wet-mkspan","../data/mo/minizinc_to_flatzinc/rcpsp-wet-mkspan/rcpsp-wet-mkspan.mzn","../data/mo/minizinc_to_flatzinc/rcpsp-wet-mkspan/minizinc_psplib_due_dates/j90/J90_4_10.dzn"
"rcpsp-wet-mkspan","../data/mo/minizinc_to_flatzinc/rcpsp-wet-mkspan/rcpsp-wet-mkspan.mzn","../data/mo/minizinc_to_flatzinc/rcpsp-wet-mkspan/minizinc_psplib_due_dates/j90/J90_5_8.dzn"
"rcpsp-wet-mkspan","../data/mo/minizinc_to_flatzinc/rcpsp-wet-mkspan/rcpsp-wet-mkspan.mzn","../data/mo/minizinc_to_flatzinc/rcpsp-wet-mkspan/minizinc_psplib_due_dates/j90/J90_39_6.dzn"
"rcpsp-wet-mkspan","../data/mo/minizinc_to_flatzinc/rcpsp-wet-mkspan/rcpsp-wet-mkspan.mzn","../data/mo/minizinc_to_flatzinc/rcpsp-wet-mkspan/minizinc_psplib_due_dates/j90/J90_24_3.dzn"
"rcpsp-wet-mkspan","../data/mo/minizinc_to_flatzinc/rcpsp-wet-mkspan/rcpsp-wet-mkspan.mzn","../data/mo/minizinc_to_flatzinc/rcpsp-wet-mkspan/minizinc_psplib_due_dates/j90/J90_37_9.dzn"
"rcpsp-wet-mkspan","../data/mo/minizinc_to_flatzinc/rcpsp-wet-mkspan/rcpsp-wet-mkspan.mzn","../data/mo/minizinc_to_flatzinc/rcpsp-wet-mkspan/minizinc_psplib_due_dates/j90/J90_19_3.dzn"
"rcpsp-wet-mkspan","../data/mo/minizinc_to_flatzinc/rcpsp-wet-mkspan/rcpsp-wet-mkspan.mzn","../data/mo/minizinc_to_flatzinc/rcpsp-wet-mkspan/minizinc_psplib_due_dates/j90/J90_41_6.dzn"
"rcpsp-wet-mkspan","../data/mo/minizinc_to_flatzinc/rcpsp-wet-mkspan/rcpsp-wet-mkspan.mzn","../data/mo/minizinc_to_flatzinc/rcpsp-wet-mkspan/minizinc_psplib_due_dates/j90/J90_22_5.dzn"
"rcpsp-wet-mkspan","../data/mo/minizinc_to_flatzinc/rcpsp-wet-mkspan/rcpsp-wet-mkspan.mzn","../data/mo/minizinc_to_flatzinc/rcpsp-wet-mkspan/minizinc_psplib_due_dates/j90/J90_43_4.dzn"
"rcpsp-wet-mkspan","../data/mo/minizinc_to_flatzinc/rcpsp-wet-mkspan/rcpsp-wet-mkspan.mzn","../data/mo/minizinc_to_flatzinc/rcpsp-wet-mkspan/minizinc_psplib_due_dates/j90/J90_8_10.dzn"
"rcpsp-wet-mkspan","../data/mo/minizinc_to_flatzinc/rcpsp-wet-mkspan/rcpsp-wet-mkspan.mzn","../data/mo/minizinc_to_flatzinc/rcpsp-wet-mkspan/minizinc_psplib_due_dates/j90/J90_20_7.dzn"
"rcpsp-wet-mkspan","../data/mo/minizinc_to_flatzinc/rcpsp-wet-mkspan/rcpsp-wet-mkspan.mzn","../data/mo/minizinc_to_flatzinc/rcpsp-wet-mkspan/minizinc_psplib_due_dates/j90/J90_43_9.dzn"
"rcpsp-wet-mkspan","../data/mo/minizinc_to_flatzinc/rcpsp-wet-mkspan/rcpsp-wet-mkspan.mzn","../data/mo/minizinc_to_flatzinc/rcpsp-wet-mkspan/minizinc_psplib_due_dates/j90/J90_15_3.dzn"
"rcpsp-wet-mkspan","../data/mo/minizinc_to_flatzinc/rcpsp-wet-mkspan/rcpsp-wet-mkspan.mzn","../data/mo/minizinc_to_flatzinc/rcpsp-wet-mkspan/minizinc_psplib_due_dates/j90/J90_1_1.dzn"
"rcpsp-wet-mkspan","../data/mo/minizinc_to_flatzinc/rcpsp-wet-mkspan/rcpsp-wet-mkspan.mzn","../data/mo/minizinc_to_flatzinc/rcpsp-wet-mkspan/minizinc_psplib_due_dates/j90/J90_31_2.dzn"
"rcpsp-wet-mkspan","../data/mo/minizinc_to_flatzinc/rcpsp-wet-mkspan/rcpsp-wet-mkspan.mzn","../data/mo/minizinc_to_flatzinc/rcpsp-wet-mkspan/minizinc_psplib_due_dates/j90/J90_17_1.dzn"
"rcpsp-wet-mkspan","../data/mo/minizinc_to_flatzinc/rcpsp-wet-mkspan/rcpsp-wet-mkspan.mzn","../data/mo/minizinc_to_flatzinc/rcpsp-wet-mkspan/minizinc_psplib_due_dates/j90/J90_22_8.dzn"
"rcpsp-wet-mkspan","../data/mo/minizinc_to_flatzinc/rcpsp-wet-mkspan/rcpsp-wet-mkspan.mzn","../data/mo/minizinc_to_flatzinc/rcpsp-wet-mkspan/minizinc_psplib_due_dates/j90/J90_3_3.dzn"
"rcpsp-wet-mkspan","../data/mo/minizinc_to_flatzinc/rcpsp-wet-mkspan/rcpsp-wet-mkspan.mzn","../data/mo/minizinc_to_flatzinc/rcpsp-wet-mkspan/minizinc_psplib_due_dates/j90/J90_11_7.dzn"
"rcpsp-wet-mkspan","../data/mo/minizinc_to_flatzinc/rcpsp-wet-mkspan/rcpsp-wet-mkspan.mzn","../data/mo/minizinc_to_flatzinc/rcpsp-wet-mkspan/minizinc_psplib_due_dates/j90/J90_37_4.dzn"
"rcpsp-wet-mkspan","../data/mo/minizinc_to_flatzinc/rcpsp-wet-mkspan/rcpsp-wet-mkspan.mzn","../data/mo/minizinc_to_flatzinc/rcpsp-wet-mkspan/minizinc_psplib_due_dates/j90/J90_5_5.dzn"
"rcpsp-wet-mkspan","../data/mo/minizinc_to_flatzinc/rcpsp-wet-mkspan/rcpsp-wet-mkspan.mzn","../data/mo/minizinc_to_flatzinc/rcpsp-wet-mkspan/minizinc_psplib_due_dates/j90/J90_13_5.dzn"
"rcpsp-wet-mkspan","../data/mo/minizinc_to_flatzinc/rcpsp-wet-mkspan/rcpsp-wet-mkspan.mzn","../data/mo/minizinc_to_flatzinc/rcpsp-wet-mkspan/minizinc_psplib_due_dates/j90/J90_9_8.dzn"
"rcpsp-wet-mkspan","../data/mo/minizinc_to_flatzinc/rcpsp-wet-mkspan/rcpsp-wet-mkspan.mzn","../data/mo/minizinc_to_flatzinc/rcpsp-wet-mkspan/minizinc_psplib_due_dates/j90/J90_35_6.dzn"
"rcpsp-wet-mkspan","../data/mo/minizinc_to_flatzinc/rcpsp-wet-mkspan/rcpsp-wet-mkspan.mzn","../data/mo/minizinc_to_flatzinc/rcpsp-wet-mkspan/minizinc_psplib_due_dates/j90/J90_7_7.dzn"
"rcpsp-wet-mkspan","../data/mo/minizinc_to_flatzinc/rcpsp-wet-mkspan/rcpsp-wet-mkspan.mzn","../data/mo/minizinc_to_flatzinc/rcpsp-wet-mkspan/minizinc_psplib_due_dates/j90/J90_28_3.dzn"
"rcpsp-wet-mkspan","../data/mo/minizinc_to_flatzinc/rcpsp-wet-mkspan/rcpsp-wet-mkspan.mzn","../data/mo/minizinc_to_flatzinc/rcpsp-wet-mkspan/minizinc_psplib_due_dates/j90/J90_28_2.dzn"
"rcpsp-wet-mkspan","../data/mo/minizinc_to_flatzinc/rcpsp-wet-mkspan/rcpsp-wet-mkspan.mzn","../data/mo/minizinc_to_flatzinc/rcpsp-wet-mkspan/minizinc_psplib_due_dates/j90/J90_7_6.dzn"
"rcpsp-wet-mkspan","../data/mo/minizinc_to_flatzinc/rcpsp-wet-mkspan/rcpsp-wet-mkspan.mzn","../data/mo/minizinc_to_flatzinc/rcpsp-wet-mkspan/minizinc_psplib_due_dates/j90/J90_9_9.dzn"
"rcpsp-wet-mkspan","../data/mo/minizinc_to_flatzinc/rcpsp-wet-mkspan/rcpsp-wet-mkspan.mzn","../data/mo/minizinc_to_flatzinc/rcpsp-wet-mkspan/minizinc_psplib_due_dates/j90/J90_35_7.dzn"
"rcpsp-wet-mkspan","../data/mo/minizinc_to_flatzinc/rcpsp-wet-mkspan/rcpsp-wet-mkspan.mzn","../data/mo/minizinc_to_flatzinc/rcpsp-wet-mkspan/minizinc_psplib_due_dates/j90/J90_13_4.dzn"
"rcpsp-wet-mkspan","../data/mo/minizinc_to_flatzinc/rcpsp-wet-mkspan/rcpsp-wet-mkspan.mzn","../data/mo/minizinc_to_flatzinc/rcpsp-wet-mkspan/minizinc_psplib_due_dates/j90/J90_5_4.dzn"
"rcpsp-wet-mkspan","../data/mo/minizinc_to_flatzinc/rcpsp-wet-mkspan/rcpsp-wet-mkspan.mzn","../data/mo/minizinc_to_flatzinc/rcpsp-wet-mkspan/minizinc_psplib_due_dates/j90/J90_37_5.dzn"
"rcpsp-wet-mkspan","../data/mo/minizinc_to_flatzinc/rcpsp-wet-mkspan/rcpsp-wet-mkspan.mzn","../data/mo/minizinc_to_flatzinc/rcpsp-wet-mkspan/minizinc_psplib_due_dates/j90/J90_11_6.dzn"
"rcpsp-wet-mkspan","../data/mo/minizinc_to_flatzinc/rcpsp-wet-mkspan/rcpsp-wet-mkspan.mzn","../data/mo/minizinc_to_flatzinc/rcpsp-wet-mkspan/minizinc_psplib_due_dates/j90/J90_3_2.dzn"
"rcpsp-wet-mkspan","../data/mo/minizinc_to_flatzinc/rcpsp-wet-mkspan/rcpsp-wet-mkspan.mzn","../data/mo/minizinc_to_flatzinc/rcpsp-wet-mkspan/minizinc_psplib_due_dates/j90/J90_22_9.dzn"
"rcpsp-wet-mkspan","../data/mo/minizinc_to_flatzinc/rcpsp-wet-mkspan/rcpsp-wet-mkspan.mzn","../data/mo/minizinc_to_flatzinc/rcpsp-wet-mkspan/minizinc_psplib_due_dates/j90/J90_31_3.dzn"
"rcpsp-wet-mkspan","../data/mo/minizinc_to_flatzinc/rcpsp-wet-mkspan/rcpsp-wet-mkspan.mzn","../data/mo/minizinc_to_flatzinc/rcpsp-wet-mkspan/minizinc_psplib_due_dates/j90/J90_15_2.dzn"
"rcpsp-wet-mkspan","../data/mo/minizinc_to_flatzinc/rcpsp-wet-mkspan/rcpsp-wet-mkspan.mzn","../data/mo/minizinc_to_flatzinc/rcpsp-wet-mkspan/minizinc_psplib_due_dates/j90/J90_43_8.dzn"
"rcpsp-wet-mkspan","../data/mo/minizinc_to_flatzinc/rcpsp-wet-mkspan/rcpsp-wet-mkspan.mzn","../data/mo/minizinc_to_flatzinc/rcpsp-wet-mkspan/minizinc_psplib_due_dates/j90/J90_33_1.dzn"
"rcpsp-wet-mkspan","../data/mo/minizinc_to_flatzinc/rcpsp-wet-mkspan/rcpsp-wet-mkspan.mzn","../data/mo/minizinc_to_flatzinc/rcpsp-wet-mkspan/minizinc_psplib_due_dates/j90/J90_1_10.dzn"
"rcpsp-wet-mkspan","../data/mo/minizinc_to_flatzinc/rcpsp-wet-mkspan/rcpsp-wet-mkspan.mzn","../data/mo/minizinc_to_flatzinc/rcpsp-wet-mkspan/minizinc_psplib_due_dates/j90/J90_20_9.dzn"
"rcpsp-wet-mkspan","../data/mo/minizinc_to_flatzinc/rcpsp-wet-mkspan/rcpsp-wet-mkspan.mzn","../data/mo/minizinc_to_flatzinc/rcpsp-wet-mkspan/minizinc_psplib_due_dates/j90/J90_33_3.dzn"
"rcpsp-wet-mkspan","../data/mo/minizinc_to_flatzinc/rcpsp-wet-mkspan/rcpsp-wet-mkspan.mzn","../data/mo/minizinc_to_flatzinc/rcpsp-wet-mkspan/minizinc_psplib_due_dates/j90/J90_1_2.dzn"
"rcpsp-wet-mkspan","../data/mo/minizinc_to_flatzinc/rcpsp-wet-mkspan/rcpsp-wet-mkspan.mzn","../data/mo/minizinc_to_flatzinc/rcpsp-wet-mkspan/minizinc_psplib_due_dates/j90/J90_11_10.dzn"
"rcpsp-wet-mkspan","../data/mo/minizinc_to_flatzinc/rcpsp-wet-mkspan/rcpsp-wet-mkspan.mzn","../data/mo/minizinc_to_flatzinc/rcpsp-wet-mkspan/minizinc_psplib_due_dates/j90/J90_17_2.dzn"
"rcpsp-wet-mkspan","../data/mo/minizinc_to_flatzinc/rcpsp-wet-mkspan/rcpsp-wet-mkspan.mzn","../data/mo/minizinc_to_flatzinc/rcpsp-wet-mkspan/minizinc_psplib_due_dates/j90/J90_41_8.dzn"
"rcpsp-wet-mkspan","../data/mo/minizinc_to_flatzinc/rcpsp-wet-mkspan/rcpsp-wet-mkspan.mzn","../data/mo/minizinc_to_flatzinc/rcpsp-wet-mkspan/minizinc_psplib_due_dates/j90/J90_31_1.dzn"
"rcpsp-wet-mkspan","../data/mo/minizinc_to_flatzinc/rcpsp-wet-mkspan/rcpsp-wet-mkspan.mzn","../data/mo/minizinc_to_flatzinc/rcpsp-wet-mkspan/minizinc_psplib_due_dates/j90/J90_37_7.dzn"
"rcpsp-wet-mkspan","../data/mo/minizinc_to_flatzinc/rcpsp-wet-mkspan/rcpsp-wet-mkspan.mzn","../data/mo/minizinc_to_flatzinc/rcpsp-wet-mkspan/minizinc_psplib_due_dates/j90/J90_11_4.dzn"
"rcpsp-wet-mkspan","../data/mo/minizinc_to_flatzinc/rcpsp-wet-mkspan/rcpsp-wet-mkspan.mzn","../data/mo/minizinc_to_flatzinc/rcpsp-wet-mkspan/minizinc_psplib_due_dates/j90/J90_5_6.dzn"
"rcpsp-wet-mkspan","../data/mo/minizinc_to_flatzinc/rcpsp-wet-mkspan/rcpsp-wet-mkspan.mzn","../data/mo/minizinc_to_flatzinc/rcpsp-wet-mkspan/minizinc_psplib_due_dates/j90/J90_39_8.dzn"
"rcpsp-wet-mkspan","../data/mo/minizinc_to_flatzinc/rcpsp-wet-mkspan/rcpsp-wet-mkspan.mzn","../data/mo/minizinc_to_flatzinc/rcpsp-wet-mkspan/minizinc_psplib_due_dates/j90/J90_35_5.dzn"
"rcpsp-wet-mkspan","../data/mo/minizinc_to_flatzinc/rcpsp-wet-mkspan/rcpsp-wet-mkspan.mzn","../data/mo/minizinc_to_flatzinc/rcpsp-wet-mkspan/minizinc_psplib_due_dates/j90/J90_13_6.dzn"
"rcpsp-wet-mkspan","../data/mo/minizinc_to_flatzinc/rcpsp-wet-mkspan/rcpsp-wet-mkspan.mzn","../data/mo/minizinc_to_flatzinc/rcpsp-wet-mkspan/minizinc_psplib_due_dates/j90/J90_7_4.dzn"
"rcpsp-wet-mkspan","../data/mo/minizinc_to_flatzinc/rcpsp-wet-mkspan/rcpsp-wet-mkspan.mzn","../data/mo/minizinc_to_flatzinc/rcpsp-wet-mkspan/minizinc_psplib_due_dates/j90/J90_7_5.dzn"
"rcpsp-wet-mkspan","../data/mo/minizinc_to_flatzinc/rcpsp-wet-mkspan/rcpsp-wet-mkspan.mzn","../data/mo/minizinc_to_flatzinc/rcpsp-wet-mkspan/minizinc_psplib_due_dates/j90/J90_48_10.dzn"
"rcpsp-wet-mkspan","../data/mo/minizinc_to_flatzinc/rcpsp-wet-mkspan/rcpsp-wet-mkspan.mzn","../data/mo/minizinc_to_flatzinc/rcpsp-wet-mkspan/minizinc_psplib_due_dates/j90/J90_28_1.dzn"
"rcpsp-wet-mkspan","../data/mo/minizinc_to_flatzinc/rcpsp-wet-mkspan/rcpsp-wet-mkspan.mzn","../data/mo/minizinc_to_flatzinc/rcpsp-wet-mkspan/minizinc_psplib_due_dates/j90/J90_13_7.dzn"
"rcpsp-wet-mkspan","../data/mo/minizinc_to_flatzinc/rcpsp-wet-mkspan/rcpsp-wet-mkspan.mzn","../data/mo/minizinc_to_flatzinc/rcpsp-wet-mkspan/minizinc_psplib_due_dates/j90/J90_35_10.dzn"
"rcpsp-wet-mkspan","../data/mo/minizinc_to_flatzinc/rcpsp-wet-mkspan/rcpsp-wet-mkspan.mzn","../data/mo/minizinc_to_flatzinc/rcpsp-wet-mkspan/minizinc_psplib_due_dates/j90/J90_35_4.dzn"
"rcpsp-wet-mkspan","../data/mo/minizinc_to_flatzinc/rcpsp-wet-mkspan/rcpsp-wet-mkspan.mzn","../data/mo/minizinc_to_flatzinc/rcpsp-wet-mkspan/minizinc_psplib_due_dates/j90/J90_5_7.dzn"
"rcpsp-wet-mkspan","../data/mo/minizinc_to_flatzinc/rcpsp-wet-mkspan/rcpsp-wet-mkspan.mzn","../data/mo/minizinc_to_flatzinc/rcpsp-wet-mkspan/minizinc_psplib_due_dates/j90/J90_39_9.dzn"
"rcpsp-wet-mkspan","../data/mo/minizinc_to_flatzinc/rcpsp-wet-mkspan/rcpsp-wet-mkspan.mzn","../data/mo/minizinc_to_flatzinc/rcpsp-wet-mkspan/minizinc_psplib_due_dates/j90/J90_11_5.dzn"
"rcpsp-wet-mkspan","../data/mo/minizinc_to_flatzinc/rcpsp-wet-mkspan/rcpsp-wet-mkspan.mzn","../data/mo/minizinc_to_flatzinc/rcpsp-wet-mkspan/minizinc_psplib_due_dates/j90/J90_37_6.dzn"
"rcpsp-wet-mkspan","../data/mo/minizinc_to_flatzinc/rcpsp-wet-mkspan/rcpsp-wet-mkspan.mzn","../data/mo/minizinc_to_flatzinc/rcpsp-wet-mkspan/minizinc_psplib_due_dates/j90/J90_3_1.dzn"
"rcpsp-wet-mkspan","../data/mo/minizinc_to_flatzinc/rcpsp-wet-mkspan/rcpsp-wet-mkspan.mzn","../data/mo/minizinc_to_flatzinc/rcpsp-wet-mkspan/minizinc_psplib_due_dates/j90/J90_41_9.dzn"
"rcpsp-wet-mkspan","../data/mo/minizinc_to_flatzinc/rcpsp-wet-mkspan/rcpsp-wet-mkspan.mzn","../data/mo/minizinc_to_flatzinc/rcpsp-wet-mkspan/minizinc_psplib_due_dates/j90/J90_17_3.dzn"
"rcpsp-wet-mkspan","../data/mo/minizinc_to_flatzinc/rcpsp-wet-mkspan/rcpsp-wet-mkspan.mzn","../data/mo/minizinc_to_flatzinc/rcpsp-wet-mkspan/minizinc_psplib_due_dates/j90/J90_27_10.dzn"
"rcpsp-wet-mkspan","../data/mo/minizinc_to_flatzinc/rcpsp-wet-mkspan/rcpsp-wet-mkspan.mzn","../data/mo/minizinc_to_flatzinc/rcpsp-wet-mkspan/minizinc_psplib_due_dates/j90/J90_1_3.dzn"
"rcpsp-wet-mkspan","../data/mo/minizinc_to_flatzinc/rcpsp-wet-mkspan/rcpsp-wet-mkspan.mzn","../data/mo/minizinc_to_flatzinc/rcpsp-wet-mkspan/minizinc_psplib_due_dates/j90/J90_44_10.dzn"
"rcpsp-wet-mkspan","../data/mo/minizinc_to_flatzinc/rcpsp-wet-mkspan/rcpsp-wet-mkspan.mzn","../data/mo/minizinc_to_flatzinc/rcpsp-wet-mkspan/minizinc_psplib_due_dates/j90/J90_33_2.dzn"
"rcpsp-wet-mkspan","../data/mo/minizinc_to_flatzinc/rcpsp-wet-mkspan/rcpsp-wet-mkspan.mzn","../data/mo/minizinc_to_flatzinc/rcpsp-wet-mkspan/minizinc_psplib_due_dates/j90/J90_15_1.dzn"
"rcpsp-wet-mkspan","../data/mo/minizinc_to_flatzinc/rcpsp-wet-mkspan/rcpsp-wet-mkspan.mzn","../data/mo/minizinc_to_flatzinc/rcpsp-wet-mkspan/minizinc_psplib_due_dates/j90/J90_20_8.dzn"
"rcpsp-wet-mkspan","../data/mo/minizinc_to_flatzinc/rcpsp-wet-mkspan/rcpsp-wet-mkspan.mzn","../data/mo/minizinc_to_flatzinc/rcpsp-wet-mkspan/minizinc_psplib_due_dates/j90/J90_39_10.dzn"
"rcpsp-wet-mkspan","../data/mo/minizinc_to_flatzinc/rcpsp-wet-mkspan/rcpsp-wet-mkspan.mzn","../data/mo/minizinc_to_flatzinc/rcpsp-wet-mkspan/minizinc_psplib_due_dates/j90/J90_15_5.dzn"
"rcpsp-wet-mkspan","../data/mo/minizinc_to_flatzinc/rcpsp-wet-mkspan/rcpsp-wet-mkspan.mzn","../data/mo/minizinc_to_flatzinc/rcpsp-wet-mkspan/minizinc_psplib_due_dates/j90/J90_33_6.dzn"
"rcpsp-wet-mkspan","../data/mo/minizinc_to_flatzinc/rcpsp-wet-mkspan/rcpsp-wet-mkspan.mzn","../data/mo/minizinc_to_flatzinc/rcpsp-wet-mkspan/minizinc_psplib_due_dates/j90/J90_1_7.dzn"
"rcpsp-wet-mkspan","../data/mo/minizinc_to_flatzinc/rcpsp-wet-mkspan/rcpsp-wet-mkspan.mzn","../data/mo/minizinc_to_flatzinc/rcpsp-wet-mkspan/minizinc_psplib_due_dates/j90/J90_17_7.dzn"
"rcpsp-wet-mkspan","../data/mo/minizinc_to_flatzinc/rcpsp-wet-mkspan/rcpsp-wet-mkspan.mzn","../data/mo/minizinc_to_flatzinc/rcpsp-wet-mkspan/minizinc_psplib_due_dates/j90/J90_31_4.dzn"
"rcpsp-wet-mkspan","../data/mo/minizinc_to_flatzinc/rcpsp-wet-mkspan/rcpsp-wet-mkspan.mzn","../data/mo/minizinc_to_flatzinc/rcpsp-wet-mkspan/minizinc_psplib_due_dates/j90/J90_3_5.dzn"
"rcpsp-wet-mkspan","../data/mo/minizinc_to_flatzinc/rcpsp-wet-mkspan/rcpsp-wet-mkspan.mzn","../data/mo/minizinc_to_flatzinc/rcpsp-wet-mkspan/minizinc_psplib_due_dates/j90/J90_19_8.dzn"
"rcpsp-wet-mkspan","../data/mo/minizinc_to_flatzinc/rcpsp-wet-mkspan/rcpsp-wet-mkspan.mzn","../data/mo/minizinc_to_flatzinc/rcpsp-wet-mkspan/minizinc_psplib_due_dates/j90/J90_37_2.dzn"
"rcpsp-wet-mkspan","../data/mo/minizinc_to_flatzinc/rcpsp-wet-mkspan/rcpsp-wet-mkspan.mzn","../data/mo/minizinc_to_flatzinc/rcpsp-wet-mkspan/minizinc_psplib_due_dates/j90/J90_11_1.dzn"
"rcpsp-wet-mkspan","../data/mo/minizinc_to_flatzinc/rcpsp-wet-mkspan/rcpsp-wet-mkspan.mzn","../data/mo/minizinc_to_flatzinc/rcpsp-wet-mkspan/minizinc_psplib_due_dates/j90/J90_24_8.dzn"
"rcpsp-wet-mkspan","../data/mo/minizinc_to_flatzinc/rcpsp-wet-mkspan/rcpsp-wet-mkspan.mzn","../data/mo/minizinc_to_flatzinc/rcpsp-wet-mkspan/minizinc_psplib_due_dates/j90/J90_5_3.dzn"
"rcpsp-wet-mkspan","../data/mo/minizinc_to_flatzinc/rcpsp-wet-mkspan/rcpsp-wet-mkspan.mzn","../data/mo/minizinc_to_flatzinc/rcpsp-wet-mkspan/minizinc_psplib_due_dates/j90/J90_45_9.dzn"
"rcpsp-wet-mkspan","../data/mo/minizinc_to_flatzinc/rcpsp-wet-mkspan/rcpsp-wet-mkspan.mzn","../data/mo/minizinc_to_flatzinc/rcpsp-wet-mkspan/minizinc_psplib_due_dates/j90/J90_13_3.dzn"
"rcpsp-wet-mkspan","../data/mo/minizinc_to_flatzinc/rcpsp-wet-mkspan/rcpsp-wet-mkspan.mzn","../data/mo/minizinc_to_flatzinc/rcpsp-wet-mkspan/minizinc_psplib_due_dates/j90/J90_28_5.dzn"
"rcpsp-wet-mkspan","../data/mo/minizinc_to_flatzinc/rcpsp-wet-mkspan/rcpsp-wet-mkspan.mzn","../data/mo/minizinc_to_flatzinc/rcpsp-wet-mkspan/minizinc_psplib_due_dates/j90/J90_7_1.dzn"
"rcpsp-wet-mkspan","../data/mo/minizinc_to_flatzinc/rcpsp-wet-mkspan/rcpsp-wet-mkspan.mzn","../data/mo/minizinc_to_flatzinc/rcpsp-wet-mkspan/minizinc_psplib_due_dates/j90/J90_13_10.dzn"
"rcpsp-wet-mkspan","../data/mo/minizinc_to_flatzinc/rcpsp-wet-mkspan/rcpsp-wet-mkspan.mzn","../data/mo/minizinc_to_flatzinc/rcpsp-wet-mkspan/minizinc_psplib_due_dates/j90/J90_46_10.dzn"
"rcpsp-wet-mkspan","../data/mo/minizinc_to_flatzinc/rcpsp-wet-mkspan/rcpsp-wet-mkspan.mzn","../data/mo/minizinc_to_flatzinc/rcpsp-wet-mkspan/minizinc_psplib_due_dates/j90/J90_28_4.dzn"
"rcpsp-wet-mkspan","../data/mo/minizinc_to_flatzinc/rcpsp-wet-mkspan/rcpsp-wet-mkspan.mzn","../data/mo/minizinc_to_flatzinc/rcpsp-wet-mkspan/minizinc_psplib_due_dates/j90/J90_13_2.dzn"
"rcpsp-wet-mkspan","../data/mo/minizinc_to_flatzinc/rcpsp-wet-mkspan/rcpsp-wet-mkspan.mzn","../data/mo/minizinc_to_flatzinc/rcpsp-wet-mkspan/minizinc_psplib_due_dates/j90/J90_45_8.dzn"
"rcpsp-wet-mkspan","../data/mo/minizinc_to_flatzinc/rcpsp-wet-mkspan/rcpsp-wet-mkspan.mzn","../data/mo/minizinc_to_flatzinc/rcpsp-wet-mkspan/minizinc_psplib_due_dates/j90/J90_35_1.dzn"
"rcpsp-wet-mkspan","../data/mo/minizinc_to_flatzinc/rcpsp-wet-mkspan/rcpsp-wet-mkspan.mzn","../data/mo/minizinc_to_flatzinc/rcpsp-wet-mkspan/minizinc_psplib_due_dates/j90/J90_5_2.dzn"
"rcpsp-wet-mkspan","../data/mo/minizinc_to_flatzinc/rcpsp-wet-mkspan/rcpsp-wet-mkspan.mzn","../data/mo/minizinc_to_flatzinc/rcpsp-wet-mkspan/minizinc_psplib_due_dates/j90/J90_24_9.dzn"
"rcpsp-wet-mkspan","../data/mo/minizinc_to_flatzinc/rcpsp-wet-mkspan/rcpsp-wet-mkspan.mzn","../data/mo/minizinc_to_flatzinc/rcpsp-wet-mkspan/minizinc_psplib_due_dates/j90/J90_37_3.dzn"
"rcpsp-wet-mkspan","../data/mo/minizinc_to_flatzinc/rcpsp-wet-mkspan/rcpsp-wet-mkspan.mzn","../data/mo/minizinc_to_flatzinc/rcpsp-wet-mkspan/minizinc_psplib_due_dates/j90/J90_25_10.dzn"
"rcpsp-wet-mkspan","../data/mo/minizinc_to_flatzinc/rcpsp-wet-mkspan/rcpsp-wet-mkspan.mzn","../data/mo/minizinc_to_flatzinc/rcpsp-wet-mkspan/minizinc_psplib_due_dates/j90/J90_19_9.dzn"
"rcpsp-wet-mkspan","../data/mo/minizinc_to_flatzinc/rcpsp-wet-mkspan/rcpsp-wet-mkspan.mzn","../data/mo/minizinc_to_flatzinc/rcpsp-wet-mkspan/minizinc_psplib_due_dates/j90/J90_3_4.dzn"
"rcpsp-wet-mkspan","../data/mo/minizinc_to_flatzinc/rcpsp-wet-mkspan/rcpsp-wet-mkspan.mzn","../data/mo/minizinc_to_flatzinc/rcpsp-wet-mkspan/minizinc_psplib_due_dates/j90/J90_29_10.dzn"
"rcpsp-wet-mkspan","../data/mo/minizinc_to_flatzinc/rcpsp-wet-mkspan/rcpsp-wet-mkspan.mzn","../data/mo/minizinc_to_flatzinc/rcpsp-wet-mkspan/minizinc_psplib_due_dates/j90/J90_31_5.dzn"
"rcpsp-wet-mkspan","../data/mo/minizinc_to_flatzinc/rcpsp-wet-mkspan/rcpsp-wet-mkspan.mzn","../data/mo/minizinc_to_flatzinc/rcpsp-wet-mkspan/minizinc_psplib_due_dates/j90/J90_17_6.dzn"
"rcpsp-wet-mkspan","../data/mo/minizinc_to_flatzinc/rcpsp-wet-mkspan/rcpsp-wet-mkspan.mzn","../data/mo/minizinc_to_flatzinc/rcpsp-wet-mkspan/minizinc_psplib_due_dates/j90/J90_1_6.dzn"
"rcpsp-wet-mkspan","../data/mo/minizinc_to_flatzinc/rcpsp-wet-mkspan/rcpsp-wet-mkspan.mzn","../data/mo/minizinc_to_flatzinc/rcpsp-wet-mkspan/minizinc_psplib_due_dates/j90/J90_33_7.dzn"
"rcpsp-wet-mkspan","../data/mo/minizinc_to_flatzinc/rcpsp-wet-mkspan/rcpsp-wet-mkspan.mzn","../data/mo/minizinc_to_flatzinc/rcpsp-wet-mkspan/minizinc_psplib_due_dates/j90/J90_37_10.dzn"
"rcpsp-wet-mkspan","../data/mo/minizinc_to_flatzinc/rcpsp-wet-mkspan/rcpsp-wet-mkspan.mzn","../data/mo/minizinc_to_flatzinc/rcpsp-wet-mkspan/minizinc_psplib_due_dates/j90/J90_15_4.dzn"
"rcpsp-wet-mkspan","../data/mo/minizinc_to_flatzinc/rcpsp-wet-mkspan/rcpsp-wet-mkspan.mzn","../data/mo/minizinc_to_flatzinc/rcpsp-wet-mkspan/minizinc_psplib_due_dates/j90/J90_33_5.dzn"
"rcpsp-wet-mkspan","../data/mo/minizinc_to_flatzinc/rcpsp-wet-mkspan/rcpsp-wet-mkspan.mzn","../data/mo/minizinc_to_flatzinc/rcpsp-wet-mkspan/minizinc_psplib_due_dates/j90/J90_15_6.dzn"
"rcpsp-wet-mkspan","../data/mo/minizinc_to_flatzinc/rcpsp-wet-mkspan/rcpsp-wet-mkspan.mzn","../data/mo/minizinc_to_flatzinc/rcpsp-wet-mkspan/minizinc_psplib_due_dates/j90/J90_1_4.dzn"
"rcpsp-wet-mkspan","../data/mo/minizinc_to_flatzinc/rcpsp-wet-mkspan/rcpsp-wet-mkspan.mzn","../data/mo/minizinc_to_flatzinc/rcpsp-wet-mkspan/minizinc_psplib_due_dates/j90/J90_31_7.dzn"
"rcpsp-wet-mkspan","../data/mo/minizinc_to_flatzinc/rcpsp-wet-mkspan/rcpsp-wet-mkspan.mzn","../data/mo/minizinc_to_flatzinc/rcpsp-wet-mkspan/minizinc_psplib_due_dates/j90/J90_17_4.dzn"
"rcpsp-wet-mkspan","../data/mo/minizinc_to_flatzinc/rcpsp-wet-mkspan/rcpsp-wet-mkspan.mzn","../data/mo/minizinc_to_flatzinc/rcpsp-wet-mkspan/minizinc_psplib_due_dates/j90/J90_3_6.dzn"
"rcpsp-wet-mkspan","../data/mo/minizinc_to_flatzinc/rcpsp-wet-mkspan/rcpsp-wet-mkspan.mzn","../data/mo/minizinc_to_flatzinc/rcpsp-wet-mkspan/minizinc_psplib_due_dates/j90/J90_11_2.dzn"
"rcpsp-wet-mkspan","../data/mo/minizinc_to_flatzinc/rcpsp-wet-mkspan/rcpsp-wet-mkspan.mzn","../data/mo/minizinc_to_flatzinc/rcpsp-wet-mkspan/minizinc_psplib_due_dates/j90/J90_47_8.dzn"
"rcpsp-wet-mkspan","../data/mo/minizinc_to_flatzinc/rcpsp-wet-mkspan/rcpsp-wet-mkspan.mzn","../data/mo/minizinc_to_flatzinc/rcpsp-wet-mkspan/minizinc_psplib_due_dates/j90/J90_37_1.dzn"
"rcpsp-wet-mkspan","../data/mo/minizinc_to_flatzinc/rcpsp-wet-mkspan/rcpsp-wet-mkspan.mzn","../data/mo/minizinc_to_flatzinc/rcpsp-wet-mkspan/minizinc_psplib_due_dates/j90/J90_26_9.dzn"
"rcpsp-wet-mkspan","../data/mo/minizinc_to_flatzinc/rcpsp-wet-mkspan/rcpsp-wet-mkspan.mzn","../data/mo/minizinc_to_flatzinc/rcpsp-wet-mkspan/minizinc_psplib_due_dates/j90/J90_35_3.dzn"
"rcpsp-wet-mkspan","../data/mo/minizinc_to_flatzinc/rcpsp-wet-mkspan/rcpsp-wet-mkspan.mzn","../data/mo/minizinc_to_flatzinc/rcpsp-wet-mkspan/minizinc_psplib_due_dates/j90/J90_7_2.dzn"
"rcpsp-wet-mkspan","../data/mo/minizinc_to_flatzinc/rcpsp-wet-mkspan/rcpsp-wet-mkspan.mzn","../data/mo/minizinc_to_flatzinc/rcpsp-wet-mkspan/minizinc_psplib_due_dates/j90/J90_28_6.dzn"
"rcpsp-wet-mkspan","../data/mo/minizinc_to_flatzinc/rcpsp-wet-mkspan/rcpsp-wet-mkspan.mzn","../data/mo/minizinc_to_flatzinc/rcpsp-wet-mkspan/minizinc_psplib_due_dates/j90/J90_28_7.dzn"
"rcpsp-wet-mkspan","../data/mo/minizinc_to_flatzinc/rcpsp-wet-mkspan/rcpsp-wet-mkspan.mzn","../data/mo/minizinc_to_flatzinc/rcpsp-wet-mkspan/minizinc_psplib_due_dates/j90/J90_7_3.dzn"
"rcpsp-wet-mkspan","../data/mo/minizinc_to_flatzinc/rcpsp-wet-mkspan/rcpsp-wet-mkspan.mzn","../data/mo/minizinc_to_flatzinc/rcpsp-wet-mkspan/minizinc_psplib_due_dates/j90/J90_3_10.dzn"
"rcpsp-wet-mkspan","../data/mo/minizinc_to_flatzinc/rcpsp-wet-mkspan/rcpsp-wet-mkspan.mzn","../data/mo/minizinc_to_flatzinc/rcpsp-wet-mkspan/minizinc_psplib_due_dates/j90/J90_35_2.dzn"
"rcpsp-wet-mkspan","../data/mo/minizinc_to_flatzinc/rcpsp-wet-mkspan/rcpsp-wet-mkspan.mzn","../data/mo/minizinc_to_flatzinc/rcpsp-wet-mkspan/minizinc_psplib_due_dates/j90/J90_13_1.dzn"
"rcpsp-wet-mkspan","../data/mo/minizinc_to_flatzinc/rcpsp-wet-mkspan/rcpsp-wet-mkspan.mzn","../data/mo/minizinc_to_flatzinc/rcpsp-wet-mkspan/minizinc_psplib_due_dates/j90/J90_26_8.dzn"
"rcpsp-wet-mkspan","../data/mo/minizinc_to_flatzinc/rcpsp-wet-mkspan/rcpsp-wet-mkspan.mzn","../data/mo/minizinc_to_flatzinc/rcpsp-wet-mkspan/minizinc_psplib_due_dates/j90/J90_5_1.dzn"
"rcpsp-wet-mkspan","../data/mo/minizinc_to_flatzinc/rcpsp-wet-mkspan/rcpsp-wet-mkspan.mzn","../data/mo/minizinc_to_flatzinc/rcpsp-wet-mkspan/minizinc_psplib_due_dates/j90/J90_47_9.dzn"
"rcpsp-wet-mkspan","../data/mo/minizinc_to_flatzinc/rcpsp-wet-mkspan/rcpsp-wet-mkspan.mzn","../data/mo/minizinc_to_flatzinc/rcpsp-wet-mkspan/minizinc_psplib_due_dates/j90/J90_11_3.dzn"
"rcpsp-wet-mkspan","../data/mo/minizinc_to_flatzinc/rcpsp-wet-mkspan/rcpsp-wet-mkspan.mzn","../data/mo/minizinc_to_flatzinc/rcpsp-wet-mkspan/minizinc_psplib_due_dates/j90/J90_3_7.dzn"
"rcpsp-wet-mkspan","../data/mo/minizinc_to_flatzinc/rcpsp-wet-mkspan/rcpsp-wet-mkspan.mzn","../data/mo/minizinc_to_flatzinc/rcpsp-wet-mkspan/minizinc_psplib_due_dates/j90/J90_17_5.dzn"
"rcpsp-wet-mkspan","../data/mo/minizinc_to_flatzinc/rcpsp-wet-mkspan/rcpsp-wet-mkspan.mzn","../data/mo/minizinc_to_flatzinc/rcpsp-wet-mkspan/minizinc_psplib_due_dates/j90/J90_31_6.dzn"
"rcpsp-wet-mkspan","../data/mo/minizinc_to_flatzinc/rcpsp-wet-mkspan/rcpsp-wet-mkspan.mzn","../data/mo/minizinc_to_flatzinc/rcpsp-wet-mkspan/minizinc_psplib_due_dates/j90/J90_1_5.dzn"
"rcpsp-wet-mkspan","../data/mo/minizinc_to_flatzinc/rcpsp-wet-mkspan/rcpsp-wet-mkspan.mzn","../data/mo/minizinc_to_flatzinc/rcpsp-wet-mkspan/minizinc_psplib_due_dates/j90/J90_15_7.dzn"
"rcpsp-wet-mkspan","../data/mo/minizinc_to_flatzinc/rcpsp-wet-mkspan/rcpsp-wet-mkspan.mzn","../data/mo/minizinc_to_flatzinc/rcpsp-wet-mkspan/minizinc_psplib_due_dates/j90/J90_33_4.dzn"
"rcpsp-wet-mkspan","../data/mo/minizinc_to_flatzinc/rcpsp-wet-mkspan/rcpsp-wet-mkspan.mzn","../data/mo/minizinc_to_flatzinc/rcpsp-wet-mkspan/minizinc_psplib_due_dates/j90/J90_34_5.dzn"
"rcpsp-wet-mkspan","../data/mo/minizinc_to_flatzinc/rcpsp-wet-mkspan/rcpsp-wet-mkspan.mzn","../data/mo/minizinc_to_flatzinc/rcpsp-wet-mkspan/minizinc_psplib_due_dates/j90/J90_12_6.dzn"
"rcpsp-wet-mkspan","../data/mo/minizinc_to_flatzinc/rcpsp-wet-mkspan/rcpsp-wet-mkspan.mzn","../data/mo/minizinc_to_flatzinc/rcpsp-wet-mkspan/minizinc_psplib_due_dates/j90/J90_6_4.dzn"
"rcpsp-wet-mkspan","../data/mo/minizinc_to_flatzinc/rcpsp-wet-mkspan/rcpsp-wet-mkspan.mzn","../data/mo/minizinc_to_flatzinc/rcpsp-wet-mkspan/minizinc_psplib_due_dates/j90/J90_36_7.dzn"
"rcpsp-wet-mkspan","../data/mo/minizinc_to_flatzinc/rcpsp-wet-mkspan/rcpsp-wet-mkspan.mzn","../data/mo/minizinc_to_flatzinc/rcpsp-wet-mkspan/minizinc_psplib_due_dates/j90/J90_33_10.dzn"
"rcpsp-wet-mkspan","../data/mo/minizinc_to_flatzinc/rcpsp-wet-mkspan/rcpsp-wet-mkspan.mzn","../data/mo/minizinc_to_flatzinc/rcpsp-wet-mkspan/minizinc_psplib_due_dates/j90/J90_10_4.dzn"
"rcpsp-wet-mkspan","../data/mo/minizinc_to_flatzinc/rcpsp-wet-mkspan/rcpsp-wet-mkspan.mzn","../data/mo/minizinc_to_flatzinc/rcpsp-wet-mkspan/minizinc_psplib_due_dates/j90/J90_48_1.dzn"
"rcpsp-wet-mkspan","../data/mo/minizinc_to_flatzinc/rcpsp-wet-mkspan/rcpsp-wet-mkspan.mzn","../data/mo/minizinc_to_flatzinc/rcpsp-wet-mkspan/minizinc_psplib_due_dates/j90/J90_4_6.dzn"
"rcpsp-wet-mkspan","../data/mo/minizinc_to_flatzinc/rcpsp-wet-mkspan/rcpsp-wet-mkspan.mzn","../data/mo/minizinc_to_flatzinc/rcpsp-wet-mkspan/minizinc_psplib_due_dates/j90/J90_38_8.dzn"
"rcpsp-wet-mkspan","../data/mo/minizinc_to_flatzinc/rcpsp-wet-mkspan/rcpsp-wet-mkspan.mzn","../data/mo/minizinc_to_flatzinc/rcpsp-wet-mkspan/minizinc_psplib_due_dates/j90/J90_16_2.dzn"
"rcpsp-wet-mkspan","../data/mo/minizinc_to_flatzinc/rcpsp-wet-mkspan/rcpsp-wet-mkspan.mzn","../data/mo/minizinc_to_flatzinc/rcpsp-wet-mkspan/minizinc_psplib_due_dates/j90/J90_30_1.dzn"
"rcpsp-wet-mkspan","../data/mo/minizinc_to_flatzinc/rcpsp-wet-mkspan/rcpsp-wet-mkspan.mzn","../data/mo/minizinc_to_flatzinc/rcpsp-wet-mkspan/minizinc_psplib_due_dates/j90/J90_40_8.dzn"
"rcpsp-wet-mkspan","../data/mo/minizinc_to_flatzinc/rcpsp-wet-mkspan/rcpsp-wet-mkspan.mzn","../data/mo/minizinc_to_flatzinc/rcpsp-wet-mkspan/minizinc_psplib_due_dates/j90/J90_42_10.dzn"
"rcpsp-wet-mkspan","../data/mo/minizinc_to_flatzinc/rcpsp-wet-mkspan/rcpsp-wet-mkspan.mzn","../data/mo/minizinc_to_flatzinc/rcpsp-wet-mkspan/minizinc_psplib_due_dates/j90/J90_21_9.dzn"
"rcpsp-wet-mkspan","../data/mo/minizinc_to_flatzinc/rcpsp-wet-mkspan/rcpsp-wet-mkspan.mzn","../data/mo/minizinc_to_flatzinc/rcpsp-wet-mkspan/minizinc_psplib_due_dates/j90/J90_21_10.dzn"
"rcpsp-wet-mkspan","../data/mo/minizinc_to_flatzinc/rcpsp-wet-mkspan/rcpsp-wet-mkspan.mzn","../data/mo/minizinc_to_flatzinc/rcpsp-wet-mkspan/minizinc_psplib_due_dates/j90/J90_32_3.dzn"
"rcpsp-wet-mkspan","../data/mo/minizinc_to_flatzinc/rcpsp-wet-mkspan/rcpsp-wet-mkspan.mzn","../data/mo/minizinc_to_flatzinc/rcpsp-wet-mkspan/minizinc_psplib_due_dates/j90/J90_32_2.dzn"
"rcpsp-wet-mkspan","../data/mo/minizinc_to_flatzinc/rcpsp-wet-mkspan/rcpsp-wet-mkspan.mzn","../data/mo/minizinc_to_flatzinc/rcpsp-wet-mkspan/minizinc_psplib_due_dates/j90/J90_14_1.dzn"
"rcpsp-wet-mkspan","../data/mo/minizinc_to_flatzinc/rcpsp-wet-mkspan/rcpsp-wet-mkspan.mzn","../data/mo/minizinc_to_flatzinc/rcpsp-wet-mkspan/minizinc_psplib_due_dates/j90/J90_21_8.dzn"
"rcpsp-wet-mkspan","../data/mo/minizinc_to_flatzinc/rcpsp-wet-mkspan/rcpsp-wet-mkspan.mzn","../data/mo/minizinc_to_flatzinc/rcpsp-wet-mkspan/minizinc_psplib_due_dates/j90/J90_17_10.dzn"
"rcpsp-wet-mkspan","../data/mo/minizinc_to_flatzinc/rcpsp-wet-mkspan/rcpsp-wet-mkspan.mzn","../data/mo/minizinc_to_flatzinc/rcpsp-wet-mkspan/minizinc_psplib_due_dates/j90/J90_2_1.dzn"
"rcpsp-wet-mkspan","../data/mo/minizinc_to_flatzinc/rcpsp-wet-mkspan/rcpsp-wet-mkspan.mzn","../data/mo/minizinc_to_flatzinc/rcpsp-wet-mkspan/minizinc_psplib_due_dates/j90/J90_40_9.dzn"
"rcpsp-wet-mkspan","../data/mo/minizinc_to_flatzinc/rcpsp-wet-mkspan/rcpsp-wet-mkspan.mzn","../data/mo/minizinc_to_flatzinc/rcpsp-wet-mkspan/minizinc_psplib_due_dates/j90/J90_16_3.dzn"
"rcpsp-wet-mkspan","../data/mo/minizinc_to_flatzinc/rcpsp-wet-mkspan/rcpsp-wet-mkspan.mzn","../data/mo/minizinc_to_flatzinc/rcpsp-wet-mkspan/minizinc_psplib_due_dates/j90/J90_4_7.dzn"
"rcpsp-wet-mkspan","../data/mo/minizinc_to_flatzinc/rcpsp-wet-mkspan/rcpsp-wet-mkspan.mzn","../data/mo/minizinc_to_flatzinc/rcpsp-wet-mkspan/minizinc_psplib_due_dates/j90/J90_38_9.dzn"
"rcpsp-wet-mkspan","../data/mo/minizinc_to_flatzinc/rcpsp-wet-mkspan/rcpsp-wet-mkspan.mzn","../data/mo/minizinc_to_flatzinc/rcpsp-wet-mkspan/minizinc_psplib_due_dates/j90/J90_10_5.dzn"
"rcpsp-wet-mkspan","../data/mo/minizinc_to_flatzinc/rcpsp-wet-mkspan/rcpsp-wet-mkspan.mzn","../data/mo/minizinc_to_flatzinc/rcpsp-wet-mkspan/minizinc_psplib_due_dates/j90/J90_36_6.dzn"
"rcpsp-wet-mkspan","../data/mo/minizinc_to_flatzinc/rcpsp-wet-mkspan/rcpsp-wet-mkspan.mzn","../data/mo/minizinc_to_flatzinc/rcpsp-wet-mkspan/minizinc_psplib_due_dates/j90/J90_6_5.dzn"
"rcpsp-wet-mkspan","../data/mo/minizinc_to_flatzinc/rcpsp-wet-mkspan/rcpsp-wet-mkspan.mzn","../data/mo/minizinc_to_flatzinc/rcpsp-wet-mkspan/minizinc_psplib_due_dates/j90/J90_29_1.dzn"
"rcpsp-wet-mkspan","../data/mo/minizinc_to_flatzinc/rcpsp-wet-mkspan/rcpsp-wet-mkspan.mzn","../data/mo/minizinc_to_flatzinc/rcpsp-wet-mkspan/minizinc_psplib_due_dates/j90/J90_12_7.dzn"
"rcpsp-wet-mkspan","../data/mo/minizinc_to_flatzinc/rcpsp-wet-mkspan/rcpsp-wet-mkspan.mzn","../data/mo/minizinc_to_flatzinc/rcpsp-wet-mkspan/minizinc_psplib_due_dates/j90/J90_34_4.dzn"
"rcpsp-wet-mkspan","../data/mo/minizinc_to_flatzinc/rcpsp-wet-mkspan/rcpsp-wet-mkspan.mzn","../data/mo/minizinc_to_flatzinc/rcpsp-wet-mkspan/minizinc_psplib_due_dates/j90/J90_12_5.dzn"
"rcpsp-wet-mkspan","../data/mo/minizinc_to_flatzinc/rcpsp-wet-mkspan/rcpsp-wet-mkspan.mzn","../data/mo/minizinc_to_flatzinc/rcpsp-wet-mkspan/minizinc_psplib_due_dates/j90/J90_8_8.dzn"
"rcpsp-wet-mkspan","../data/mo/minizinc_to_flatzinc/rcpsp-wet-mkspan/rcpsp-wet-mkspan.mzn","../data/mo/minizinc_to_flatzinc/rcpsp-wet-mkspan/minizinc_psplib_due_dates/j90/J90_34_6.dzn"
"rcpsp-wet-mkspan","../data/mo/minizinc_to_flatzinc/rcpsp-wet-mkspan/rcpsp-wet-mkspan.mzn","../data/mo/minizinc_to_flatzinc/rcpsp-wet-mkspan/minizinc_psplib_due_dates/j90/J90_6_7.dzn"
"rcpsp-wet-mkspan","../data/mo/minizinc_to_flatzinc/rcpsp-wet-mkspan/rcpsp-wet-mkspan.mzn","../data/mo/minizinc_to_flatzinc/rcpsp-wet-mkspan/minizinc_psplib_due_dates/j90/J90_29_3.dzn"
"rcpsp-wet-mkspan","../data/mo/minizinc_to_flatzinc/rcpsp-wet-mkspan/rcpsp-wet-mkspan.mzn","../data/mo/minizinc_to_flatzinc/rcpsp-wet-mkspan/minizinc_psplib_due_dates/j90/J90_10_7.dzn"
"rcpsp-wet-mkspan","../data/mo/minizinc_to_flatzinc/rcpsp-wet-mkspan/rcpsp-wet-mkspan.mzn","../data/mo/minizinc_to_flatzinc/rcpsp-wet-mkspan/minizinc_psplib_due_dates/j90/J90_36_4.dzn"
"rcpsp-wet-mkspan","../data/mo/minizinc_to_flatzinc/rcpsp-wet-mkspan/rcpsp-wet-mkspan.mzn","../data/mo/minizinc_to_flatzinc/rcpsp-wet-mkspan/minizinc_psplib_due_dates/j90/J90_4_5.dzn"
"rcpsp-wet-mkspan","../data/mo/minizinc_to_flatzinc/rcpsp-wet-mkspan/rcpsp-wet-mkspan.mzn","../data/mo/minizinc_to_flatzinc/rcpsp-wet-mkspan/minizinc_psplib_due_dates/j90/J90_48_2.dzn"
"rcpsp-wet-mkspan","../data/mo/minizinc_to_flatzinc/rcpsp-wet-mkspan/rcpsp-wet-mkspan.mzn","../data/mo/minizinc_to_flatzinc/rcpsp-wet-mkspan/minizinc_psplib_due_dates/j90/J90_7_10.dzn"
"rcpsp-wet-mkspan","../data/mo/minizinc_to_flatzinc/rcpsp-wet-mkspan/rcpsp-wet-mkspan.mzn","../data/mo/minizinc_to_flatzinc/rcpsp-wet-mkspan/minizinc_psplib_due_dates/j90/J90_30_2.dzn"
"rcpsp-wet-mkspan","../data/mo/minizinc_to_flatzinc/rcpsp-wet-mkspan/rcpsp-wet-mkspan.mzn","../data/mo/minizinc_to_flatzinc/rcpsp-wet-mkspan/minizinc_psplib_due_dates/j90/J90_16_1.dzn"
"rcpsp-wet-mkspan","../data/mo/minizinc_to_flatzinc/rcpsp-wet-mkspan/rcpsp-wet-mkspan.mzn","../data/mo/minizinc_to_flatzinc/rcpsp-wet-mkspan/minizinc_psplib_due_dates/j90/J90_23_8.dzn"
"rcpsp-wet-mkspan","../data/mo/minizinc_to_flatzinc/rcpsp-wet-mkspan/rcpsp-wet-mkspan.mzn","../data/mo/minizinc_to_flatzinc/rcpsp-wet-mkspan/minizinc_psplib_due_dates/j90/J90_2_3.dzn"
"rcpsp-wet-mkspan","../data/mo/minizinc_to_flatzinc/rcpsp-wet-mkspan/rcpsp-wet-mkspan.mzn","../data/mo/minizinc_to_flatzinc/rcpsp-wet-mkspan/minizinc_psplib_due_dates/j90/J90_42_9.dzn"
"rcpsp-wet-mkspan","../data/mo/minizinc_to_flatzinc/rcpsp-wet-mkspan/rcpsp-wet-mkspan.mzn","../data/mo/minizinc_to_flatzinc/rcpsp-wet-mkspan/minizinc_psplib_due_dates/j90/J90_14_3.dzn"
"rcpsp-wet-mkspan","../data/mo/minizinc_to_flatzinc/rcpsp-wet-mkspan/rcpsp-wet-mkspan.mzn","../data/mo/minizinc_to_flatzinc/rcpsp-wet-mkspan/minizinc_psplib_due_dates/j90/J90_14_2.dzn"
"rcpsp-wet-mkspan","../data/mo/minizinc_to_flatzinc/rcpsp-wet-mkspan/rcpsp-wet-mkspan.mzn","../data/mo/minizinc_to_flatzinc/rcpsp-wet-mkspan/minizinc_psplib_due_dates/j90/J90_32_1.dzn"
"rcpsp-wet-mkspan","../data/mo/minizinc_to_flatzinc/rcpsp-wet-mkspan/rcpsp-wet-mkspan.mzn","../data/mo/minizinc_to_flatzinc/rcpsp-wet-mkspan/minizinc_psplib_due_dates/j90/J90_42_8.dzn"
"rcpsp-wet-mkspan","../data/mo/minizinc_to_flatzinc/rcpsp-wet-mkspan/rcpsp-wet-mkspan.mzn","../data/mo/minizinc_to_flatzinc/rcpsp-wet-mkspan/minizinc_psplib_due_dates/j90/J90_2_2.dzn"
"rcpsp-wet-mkspan","../data/mo/minizinc_to_flatzinc/rcpsp-wet-mkspan/rcpsp-wet-mkspan.mzn","../data/mo/minizinc_to_flatzinc/rcpsp-wet-mkspan/minizinc_psplib_due_dates/j90/J90_23_9.dzn"
"rcpsp-wet-mkspan","../data/mo/minizinc_to_flatzinc/rcpsp-wet-mkspan/rcpsp-wet-mkspan.mzn","../data/mo/minizinc_to_flatzinc/rcpsp-wet-mkspan/minizinc_psplib_due_dates/j90/J90_30_3.dzn"
"rcpsp-wet-mkspan","../data/mo/minizinc_to_flatzinc/rcpsp-wet-mkspan/rcpsp-wet-mkspan.mzn","../data/mo/minizinc_to_flatzinc/rcpsp-wet-mkspan/minizinc_psplib_due_dates/j90/J90_4_4.dzn"
"rcpsp-wet-mkspan","../data/mo/minizinc_to_flatzinc/rcpsp-wet-mkspan/rcpsp-wet-mkspan.mzn","../data/mo/minizinc_to_flatzinc/rcpsp-wet-mkspan/minizinc_psplib_due_dates/j90/J90_48_3.dzn"
"rcpsp-wet-mkspan","../data/mo/minizinc_to_flatzinc/rcpsp-wet-mkspan/rcpsp-wet-mkspan.mzn","../data/mo/minizinc_to_flatzinc/rcpsp-wet-mkspan/minizinc_psplib_due_dates/j90/J90_36_5.dzn"
"rcpsp-wet-mkspan","../data/mo/minizinc_to_flatzinc/rcpsp-wet-mkspan/rcpsp-wet-mkspan.mzn","../data/mo/minizinc_to_flatzinc/rcpsp-wet-mkspan/minizinc_psplib_due_dates/j90/J90_10_6.dzn"
"rcpsp-wet-mkspan","../data/mo/minizinc_to_flatzinc/rcpsp-wet-mkspan/rcpsp-wet-mkspan.mzn","../data/mo/minizinc_to_flatzinc/rcpsp-wet-mkspan/minizinc_psplib_due_dates/j90/J90_29_2.dzn"
"rcpsp-wet-mkspan","../data/mo/minizinc_to_flatzinc/rcpsp-wet-mkspan/rcpsp-wet-mkspan.mzn","../data/mo/minizinc_to_flatzinc/rcpsp-wet-mkspan/minizinc_psplib_due_dates/j90/J90_6_6.dzn"
"rcpsp-wet-mkspan","../data/mo/minizinc_to_flatzinc/rcpsp-wet-mkspan/rcpsp-wet-mkspan.mzn","../data/mo/minizinc_to_flatzinc/rcpsp-wet-mkspan/minizinc_psplib_due_dates/j90/J90_8_9.dzn"
"rcpsp-wet-mkspan","../data/mo/minizinc_to_flatzinc/rcpsp-wet-mkspan/rcpsp-wet-mkspan.mzn","../data/mo/minizinc_to_flatzinc/rcpsp-wet-mkspan/minizinc_psplib_due_dates/j90/J90_34_7.dzn"
"rcpsp-wet-mkspan","../data/mo/minizinc_to_flatzinc/rcpsp-wet-mkspan/rcpsp-wet-mkspan.mzn","../data/mo/minizinc_to_flatzinc/rcpsp-wet-mkspan/minizinc_psplib_due_dates/j90/J90_12_4.dzn"
"rcpsp-wet-mkspan","../data/mo/minizinc_to_flatzinc/rcpsp-wet-mkspan/rcpsp-wet-mkspan.mzn","../data/mo/minizinc_to_flatzinc/rcpsp-wet-mkspan/minizinc_psplib_due_dates/j90/J90_27_9.dzn"
"rcpsp-wet-mkspan","../data/mo/minizinc_to_flatzinc/rcpsp-wet-mkspan/rcpsp-wet-mkspan.mzn","../data/mo/minizinc_to_flatzinc/rcpsp-wet-mkspan/minizinc_psplib_due_dates/j90/J90_34_3.dzn"
"rcpsp-wet-mkspan","../data/mo/minizinc_to_flatzinc/rcpsp-wet-mkspan/rcpsp-wet-mkspan.mzn","../data/mo/minizinc_to_flatzinc/rcpsp-wet-mkspan/minizinc_psplib_due_dates/j90/J90_6_2.dzn"
"rcpsp-wet-mkspan","../data/mo/minizinc_to_flatzinc/rcpsp-wet-mkspan/rcpsp-wet-mkspan.mzn","../data/mo/minizinc_to_flatzinc/rcpsp-wet-mkspan/minizinc_psplib_due_dates/j90/J90_29_6.dzn"
"rcpsp-wet-mkspan","../data/mo/minizinc_to_flatzinc/rcpsp-wet-mkspan/rcpsp-wet-mkspan.mzn","../data/mo/minizinc_to_flatzinc/rcpsp-wet-mkspan/minizinc_psplib_due_dates/j90/J90_10_2.dzn"
"rcpsp-wet-mkspan","../data/mo/minizinc_to_flatzinc/rcpsp-wet-mkspan/rcpsp-wet-mkspan.mzn","../data/mo/minizinc_to_flatzinc/rcpsp-wet-mkspan/minizinc_psplib_due_dates/j90/J90_36_1.dzn"
"rcpsp-wet-mkspan","../data/mo/minizinc_to_flatzinc/rcpsp-wet-mkspan/rcpsp-wet-mkspan.mzn","../data/mo/minizinc_to_flatzinc/rcpsp-wet-mkspan/minizinc_psplib_due_dates/j90/J90_46_8.dzn"
"rcpsp-wet-mkspan","../data/mo/minizinc_to_flatzinc/rcpsp-wet-mkspan/rcpsp-wet-mkspan.mzn","../data/mo/minizinc_to_flatzinc/rcpsp-wet-mkspan/minizinc_psplib_due_dates/j90/J90_5_10.dzn"
"rcpsp-wet-mkspan","../data/mo/minizinc_to_flatzinc/rcpsp-wet-mkspan/rcpsp-wet-mkspan.mzn","../data/mo/minizinc_to_flatzinc/rcpsp-wet-mkspan/minizinc_psplib_due_dates/j90/J90_48_7.dzn"
"rcpsp-wet-mkspan","../data/mo/minizinc_to_flatzinc/rcpsp-wet-mkspan/rcpsp-wet-mkspan.mzn","../data/mo/minizinc_to_flatzinc/rcpsp-wet-mkspan/minizinc_psplib_due_dates/j90/J90_30_7.dzn"
"rcpsp-wet-mkspan","../data/mo/minizinc_to_flatzinc/rcpsp-wet-mkspan/rcpsp-wet-mkspan.mzn","../data/mo/minizinc_to_flatzinc/rcpsp-wet-mkspan/minizinc_psplib_due_dates/j90/J90_9_10.dzn"
"rcpsp-wet-mkspan","../data/mo/minizinc_to_flatzinc/rcpsp-wet-mkspan/rcpsp-wet-mkspan.mzn","../data/mo/minizinc_to_flatzinc/rcpsp-wet-mkspan/minizinc_psplib_due_dates/j90/J90_16_4.dzn"
"rcpsp-wet-mkspan","../data/mo/minizinc_to_flatzinc/rcpsp-wet-mkspan/rcpsp-wet-mkspan.mzn","../data/mo/minizinc_to_flatzinc/rcpsp-wet-mkspan/minizinc_psplib_due_dates/j90/J90_2_6.dzn"
"rcpsp-wet-mkspan","../data/mo/minizinc_to_flatzinc/rcpsp-wet-mkspan/rcpsp-wet-mkspan.mzn","../data/mo/minizinc_to_flatzinc/rcpsp-wet-mkspan/minizinc_psplib_due_dates/j90/J90_32_5.dzn"
"rcpsp-wet-mkspan","../data/mo/minizinc_to_flatzinc/rcpsp-wet-mkspan/rcpsp-wet-mkspan.mzn","../data/mo/minizinc_to_flatzinc/rcpsp-wet-mkspan/minizinc_psplib_due_dates/j90/J90_14_6.dzn"
"rcpsp-wet-mkspan","../data/mo/minizinc_to_flatzinc/rcpsp-wet-mkspan/rcpsp-wet-mkspan.mzn","../data/mo/minizinc_to_flatzinc/rcpsp-wet-mkspan/minizinc_psplib_due_dates/j90/J90_14_7.dzn"
"rcpsp-wet-mkspan","../data/mo/minizinc_to_flatzinc/rcpsp-wet-mkspan/rcpsp-wet-mkspan.mzn","../data/mo/minizinc_to_flatzinc/rcpsp-wet-mkspan/minizinc_psplib_due_dates/j90/J90_32_4.dzn"
"rcpsp-wet-mkspan","../data/mo/minizinc_to_flatzinc/rcpsp-wet-mkspan/rcpsp-wet-mkspan.mzn","../data/mo/minizinc_to_flatzinc/rcpsp-wet-mkspan/minizinc_psplib_due_dates/j90/J90_2_7.dzn"
"rcpsp-wet-mkspan","../data/mo/minizinc_to_flatzinc/rcpsp-wet-mkspan/rcpsp-wet-mkspan.mzn","../data/mo/minizinc_to_flatzinc/rcpsp-wet-mkspan/minizinc_psplib_due_dates/j90/J90_16_5.dzn"
"rcpsp-wet-mkspan","../data/mo/minizinc_to_flatzinc/rcpsp-wet-mkspan/rcpsp-wet-mkspan.mzn","../data/mo/minizinc_to_flatzinc/rcpsp-wet-mkspan/minizinc_psplib_due_dates/j90/J90_30_6.dzn"
"rcpsp-wet-mkspan","../data/mo/minizinc_to_flatzinc/rcpsp-wet-mkspan/rcpsp-wet-mkspan.mzn","../data/mo/minizinc_to_flatzinc/rcpsp-wet-mkspan/minizinc_psplib_due_dates/j90/J90_48_6.dzn"
"rcpsp-wet-mkspan","../data/mo/minizinc_to_flatzinc/rcpsp-wet-mkspan/rcpsp-wet-mkspan.mzn","../data/mo/minizinc_to_flatzinc/rcpsp-wet-mkspan/minizinc_psplib_due_dates/j90/J90_4_1.dzn"
"rcpsp-wet-mkspan","../data/mo/minizinc_to_flatzinc/rcpsp-wet-mkspan/rcpsp-wet-mkspan.mzn","../data/mo/minizinc_to_flatzinc/rcpsp-wet-mkspan/minizinc_psplib_due_dates/j90/J90_46_9.dzn"
"rcpsp-wet-mkspan","../data/mo/minizinc_to_flatzinc/rcpsp-wet-mkspan/rcpsp-wet-mkspan.mzn","../data/mo/minizinc_to_flatzinc/rcpsp-wet-mkspan/minizinc_psplib_due_dates/j90/J90_10_3.dzn"
"rcpsp-wet-mkspan","../data/mo/minizinc_to_flatzinc/rcpsp-wet-mkspan/rcpsp-wet-mkspan.mzn","../data/mo/minizinc_to_flatzinc/rcpsp-wet-mkspan/minizinc_psplib_due_dates/j90/J90_29_7.dzn"
"rcpsp-wet-mkspan","../data/mo/minizinc_to_flatzinc/rcpsp-wet-mkspan/rcpsp-wet-mkspan.mzn","../data/mo/minizinc_to_flatzinc/rcpsp-wet-mkspan/minizinc_psplib_due_dates/j90/J90_6_3.dzn"
"rcpsp-wet-mkspan","../data/mo/minizinc_to_flatzinc/rcpsp-wet-mkspan/rcpsp-wet-mkspan.mzn","../data/mo/minizinc_to_flatzinc/rcpsp-wet-mkspan/minizinc_psplib_due_dates/j90/J90_34_2.dzn"
"rcpsp-wet-mkspan","../data/mo/minizinc_to_flatzinc/rcpsp-wet-mkspan/rcpsp-wet-mkspan.mzn","../data/mo/minizinc_to_flatzinc/rcpsp-wet-mkspan/minizinc_psplib_due_dates/j90/J90_12_1.dzn"
"rcpsp-wet-mkspan","../data/mo/minizinc_to_flatzinc/rcpsp-wet-mkspan/rcpsp-wet-mkspan.mzn","../data/mo/minizinc_to_flatzinc/rcpsp-wet-mkspan/minizinc_psplib_due_dates/j90/J90_27_8.dzn"
"rcpsp-wet-mkspan","../data/mo/minizinc_to_flatzinc/rcpsp-wet-mkspan/rcpsp-wet-mkspan.mzn","../data/mo/minizinc_to_flatzinc/rcpsp-wet-mkspan/minizinc_psplib_due_dates/j90/J90_44_9.dzn"
"rcpsp-wet-mkspan","../data/mo/minizinc_to_flatzinc/rcpsp-wet-mkspan/rcpsp-wet-mkspan.mzn","../data/mo/minizinc_to_flatzinc/rcpsp-wet-mkspan/minizinc_psplib_due_dates/j90/J90_23_10.dzn"
"rcpsp-wet-mkspan","../data/mo/minizinc_to_flatzinc/rcpsp-wet-mkspan/rcpsp-wet-mkspan.mzn","../data/mo/minizinc_to_flatzinc/rcpsp-wet-mkspan/minizinc_psplib_due_dates/j90/J90_12_3.dzn"
"rcpsp-wet-mkspan","../data/mo/minizinc_to_flatzinc/rcpsp-wet-mkspan/rcpsp-wet-mkspan.mzn","../data/mo/minizinc_to_flatzinc/rcpsp-wet-mkspan/minizinc_psplib_due_dates/j90/J90_29_5.dzn"
"rcpsp-wet-mkspan","../data/mo/minizinc_to_flatzinc/rcpsp-wet-mkspan/rcpsp-wet-mkspan.mzn","../data/mo/minizinc_to_flatzinc/rcpsp-wet-mkspan/minizinc_psplib_due_dates/j90/J90_6_1.dzn"
"rcpsp-wet-mkspan","../data/mo/minizinc_to_flatzinc/rcpsp-wet-mkspan/rcpsp-wet-mkspan.mzn","../data/mo/minizinc_to_flatzinc/rcpsp-wet-mkspan/minizinc_psplib_due_dates/j90/J90_36_2.dzn"
"rcpsp-wet-mkspan","../data/mo/minizinc_to_flatzinc/rcpsp-wet-mkspan/rcpsp-wet-mkspan.mzn","../data/mo/minizinc_to_flatzinc/rcpsp-wet-mkspan/minizinc_psplib_due_dates/j90/J90_10_1.dzn"
"rcpsp-wet-mkspan","../data/mo/minizinc_to_flatzinc/rcpsp-wet-mkspan/rcpsp-wet-mkspan.mzn","../data/mo/minizinc_to_flatzinc/rcpsp-wet-mkspan/minizinc_psplib_due_dates/j90/J90_25_8.dzn"
"rcpsp-wet-mkspan","../data/mo/minizinc_to_flatzinc/rcpsp-wet-mkspan/rcpsp-wet-mkspan.mzn","../data/mo/minizinc_to_flatzinc/rcpsp-wet-mkspan/minizinc_psplib_due_dates/j90/J90_4_3.dzn"
"rcpsp-wet-mkspan","../data/mo/minizinc_to_flatzinc/rcpsp-wet-mkspan/rcpsp-wet-mkspan.mzn","../data/mo/minizinc_to_flatzinc/rcpsp-wet-mkspan/minizinc_psplib_due_dates/j90/J90_48_4.dzn"
"rcpsp-wet-mkspan","../data/mo/minizinc_to_flatzinc/rcpsp-wet-mkspan/rcpsp-wet-mkspan.mzn","../data/mo/minizinc_to_flatzinc/rcpsp-wet-mkspan/minizinc_psplib_due_dates/j90/J90_40_10.dzn"
"rcpsp-wet-mkspan","../data/mo/minizinc_to_flatzinc/rcpsp-wet-mkspan/rcpsp-wet-mkspan.mzn","../data/mo/minizinc_to_flatzinc/rcpsp-wet-mkspan/minizinc_psplib_due_dates/j90/J90_16_7.dzn"
"rcpsp-wet-mkspan","../data/mo/minizinc_to_flatzinc/rcpsp-wet-mkspan/rcpsp-wet-mkspan.mzn","../data/mo/minizinc_to_flatzinc/rcpsp-wet-mkspan/minizinc_psplib_due_dates/j90/J90_31_10.dzn"
"rcpsp-wet-mkspan","../data/mo/minizinc_to_flatzinc/rcpsp-wet-mkspan/rcpsp-wet-mkspan.mzn","../data/mo/minizinc_to_flatzinc/rcpsp-wet-mkspan/minizinc_psplib_due_dates/j90/J90_30_4.dzn"
"rcpsp-wet-mkspan","../data/mo/minizinc_to_flatzinc/rcpsp-wet-mkspan/rcpsp-wet-mkspan.mzn","../data/mo/minizinc_to_flatzinc/rcpsp-wet-mkspan/minizinc_psplib_due_dates/j90/J90_2_5.dzn"
"rcpsp-wet-mkspan","../data/mo/minizinc_to_flatzinc/rcpsp-wet-mkspan/rcpsp-wet-mkspan.mzn","../data/mo/minizinc_to_flatzinc/rcpsp-wet-mkspan/minizinc_psplib_due_dates/j90/J90_18_8.dzn"
"rcpsp-wet-mkspan","../data/mo/minizinc_to_flatzinc/rcpsp-wet-mkspan/rcpsp-wet-mkspan.mzn","../data/mo/minizinc_to_flatzinc/rcpsp-wet-mkspan/minizinc_psplib_due_dates/j90/J90_14_5.dzn"
"rcpsp-wet-mkspan","../data/mo/minizinc_to_flatzinc/rcpsp-wet-mkspan/rcpsp-wet-mkspan.mzn","../data/mo/minizinc_to_flatzinc/rcpsp-wet-mkspan/minizinc_psplib_due_dates/j90/J90_32_6.dzn"
"rcpsp-wet-mkspan","../data/mo/minizinc_to_flatzinc/rcpsp-wet-mkspan/rcpsp-wet-mkspan.mzn","../data/mo/minizinc_to_flatzinc/rcpsp-wet-mkspan/minizinc_psplib_due_dates/j90/J90_32_7.dzn"
"rcpsp-wet-mkspan","../data/mo/minizinc_to_flatzinc/rcpsp-wet-mkspan/rcpsp-wet-mkspan.mzn","../data/mo/minizinc_to_flatzinc/rcpsp-wet-mkspan/minizinc_psplib_due_dates/j90/J90_14_4.dzn"
"rcpsp-wet-mkspan","../data/mo/minizinc_to_flatzinc/rcpsp-wet-mkspan/rcpsp-wet-mkspan.mzn","../data/mo/minizinc_to_flatzinc/rcpsp-wet-mkspan/minizinc_psplib_due_dates/j90/J90_19_10.dzn"
"rcpsp-wet-mkspan","../data/mo/minizinc_to_flatzinc/rcpsp-wet-mkspan/rcpsp-wet-mkspan.mzn","../data/mo/minizinc_to_flatzinc/rcpsp-wet-mkspan/minizinc_psplib_due_dates/j90/J90_18_9.dzn"
"rcpsp-wet-mkspan","../data/mo/minizinc_to_flatzinc/rcpsp-wet-mkspan/rcpsp-wet-mkspan.mzn","../data/mo/minizinc_to_flatzinc/rcpsp-wet-mkspan/minizinc_psplib_due_dates/j90/J90_2_4.dzn"
"rcpsp-wet-mkspan","../data/mo/minizinc_to_flatzinc/rcpsp-wet-mkspan/rcpsp-wet-mkspan.mzn","../data/mo/minizinc_to_flatzinc/rcpsp-wet-mkspan/minizinc_psplib_due_dates/j90/J90_30_5.dzn"
"rcpsp-wet-mkspan","../data/mo/minizinc_to_flatzinc/rcpsp-wet-mkspan/rcpsp-wet-mkspan.mzn","../data/mo/minizinc_to_flatzinc/rcpsp-wet-mkspan/minizinc_psplib_due_dates/j90/J90_16_6.dzn"
"rcpsp-wet-mkspan","../data/mo/minizinc_to_flatzinc/rcpsp-wet-mkspan/rcpsp-wet-mkspan.mzn","../data/mo/minizinc_to_flatzinc/rcpsp-wet-mkspan/minizinc_psplib_due_dates/j90/J90_4_2.dzn"
"rcpsp-wet-mkspan","../data/mo/minizinc_to_flatzinc/rcpsp-wet-mkspan/rcpsp-wet-mkspan.mzn","../data/mo/minizinc_to_flatzinc/rcpsp-wet-mkspan/minizinc_psplib_due_dates/j90/J90_48_5.dzn"
"rcpsp-wet-mkspan","../data/mo/minizinc_to_flatzinc/rcpsp-wet-mkspan/rcpsp-wet-mkspan.mzn","../data/mo/minizinc_to_flatzinc/rcpsp-wet-mkspan/minizinc_psplib_due_dates/j90/J90_15_10.dzn"
"rcpsp-wet-mkspan","../data/mo/minizinc_to_flatzinc/rcpsp-wet-mkspan/rcpsp-wet-mkspan.mzn","../data/mo/minizinc_to_flatzinc/rcpsp-wet-mkspan/minizinc_psplib_due_dates/j90/J90_25_9.dzn"
"rcpsp-wet-mkspan","../data/mo/minizinc_to_flatzinc/rcpsp-wet-mkspan/rcpsp-wet-mkspan.mzn","../data/mo/minizinc_to_flatzinc/rcpsp-wet-mkspan/minizinc_psplib_due_dates/j90/J90_36_3.dzn"
"rcpsp-wet-mkspan","../data/mo/minizinc_to_flatzinc/rcpsp-wet-mkspan/rcpsp-wet-mkspan.mzn","../data/mo/minizinc_to_flatzinc/rcpsp-wet-mkspan/minizinc_psplib_due_dates/j90/J90_29_4.dzn"
"rcpsp-wet-mkspan","../data/mo/minizinc_to_flatzinc/rcpsp-wet-mkspan/rcpsp-wet-mkspan.mzn","../data/mo/minizinc_to_flatzinc/rcpsp-wet-mkspan/minizinc_psplib_due_dates/j90/J90_12_2.dzn"
"rcpsp-wet-mkspan","../data/mo/minizinc_to_flatzinc/rcpsp-wet-mkspan/rcpsp-wet-mkspan.mzn","../data/mo/minizinc_to_flatzinc/rcpsp-wet-mkspan/minizinc_psplib_due_dates/j90/J90_34_1.dzn"
"rcpsp-wet-mkspan","../data/mo/minizinc_to_flatzinc/rcpsp-wet-mkspan/rcpsp-wet-mkspan.mzn","../data/mo/minizinc_to_flatzinc/rcpsp-wet-mkspan/minizinc_psplib_due_dates/j90/J90_44_8.dzn"
